rowId,id,createdDate,updatedDate,version,nameID,authorizationId,contextId,communityId,agentId,challengeId,collaborationId,profileId,storageAggregatorId,accountId,type,settingsStr,level
1,02ab35b1-653b-4a96-94b6-5e9926c7f4a6,"2023-05-04 06:46:57.966898","2024-04-30 14:41:42.254868",3,release-03-05-23-opp-370,64f68e69-a934-41ff-8cc1-7bb53d2bdb1d,bf2713fa-9e1c-4851-91ea-09c3053a0e24,70a95bdd-8097-43d8-96d7-b2eff3ab870e,1fbcfc4e-37a3-44e6-b7d3-5775230ca93d,8fb7ea19-caae-4023-afde-5b0db7df8183,0e61a084-cd0e-4edc-bdd0-ce8f8830570d,8ea408d5-bf71-4e06-912a-13e91651563c,1597173f-f990-4b85-a422-d246a21135f7,030dbb5d-0fab-4bac-b194-4676bdd4550d,opportunity,"{"privacy":{"mode":"public"},"membership":{"policy":"open","trustedOrganizations":[]},"collaboration":{"inheritMembershipRights":true,"allowMembersToCreateSubspaces":false,"allowMembersToCreateCallouts":true}}",2
123,03592544-ca30-4414-b40a-93d669acc9c9,"2024-04-15 09:24:48.539116","2024-04-30 14:41:45.505901",2,subsub-9168,81711f38-4590-4b84-aed7-057859bc0a6c,c14447bb-33e2-45a8-afbf-ab6662b3e545,44a7efda-68b5-4e0e-acea-32b50632b089,8fd37e13-29bf-42a1-a9d1-3cda40534402,799d9422-1fde-4ec9-8828-868bd1b05201,5a43bd5f-da61-4d6d-a004-49dc0f511eac,c4da3818-22c4-4bce-8467-fba3835c54fc,474b90d4-076c-47dd-8c07-e22b8c947f30,c3448633-6b69-4eb7-8bc0-a999eacc7291,opportunity,"{"privacy":{"mode":"public"},"membership":{"policy":"open","trustedOrganizations":[]},"collaboration":{"inheritMembershipRights":true,"allowMembersToCreateSubspaces":false,"allowMembersToCreateCallouts":true}}",2
2,059285d2-7500-4dd4-a893-8103d5ee60f2,"2023-06-29 11:23:23.470279","2024-04-30 14:41:42.280261",3,444-4544,07f1fcaa-0aa6-4540-a33f-af74c2f65ba3,dba0bdea-4e91-46aa-bcea-478bab5921e4,df8087e9-d27a-46be-ab2d-776c1da37774,c7c16017-b123-4699-a476-186cc7cc34c0,30aff4bf-442d-4775-8fb3-c46aa45d4dcc,623cd46d-c2a0-4690-b09f-77d681dd16a4,975d99ec-16a1-4076-9f69-741e64bdd2cb,27ad8020-801b-46cd-9a02-e23b1ddb1ba9,6f40437d-723f-46ba-8d48-234e6878c6a7,opportunity,"{"privacy":{"mode":"public"},"membership":{"policy":"open","trustedOrganizations":[]},"collaboration":{"inheritMembershipRights":true,"allowMembersToCreateSubspaces":false,"allowMembersToCreateCallouts":true}}",2
3,088b75f9-bf01-4cca-8049-f1a6b90ba657,"2023-03-31 14:29:31.050999","2024-04-30 14:41:42.304499",3,release-31-03-23-opp-7747,6b631ffa-3873-42d0-b578-85a951c8f77d,fda9a18e-b162-4ee3-9342-83b4cc4132b2,14c659d1-9a21-47aa-92d1-5e9ef4b1e81a,eaabe8a7-d5b6-4906-b3f2-2bda8d538d07,57da85d5-77fd-4efe-9c32-c5b818588fde,c62b2a1c-4b0d-4e08-8e39-ef1feb0448d3,100d7f2a-fd1e-4e18-ad8d-1f000af12f9e,67f187a5-d22e-4920-bce2-a19c8f6ee43e,ec3586d7-a22a-4e6e-af13-0a1acafaf3b6,opportunity,"{"privacy":{"mode":"public"},"membership":{"policy":"open","trustedOrganizations":[]},"collaboration":{"inheritMembershipRights":true,"allowMembersToCreateSubspaces":false,"allowMembersToCreateCallouts":true}}",2
124,08a181ba-6fbd-40c5-9360-9319c4e44b71,"2024-04-17 10:06:33.521517","2024-04-30 14:41:45.531738",2,test-4505,7e15601e-8ef7-4beb-a0bf-98762806ac85,ce9776a4-3dd0-4edd-b08e-7eea4f31ecdb,40052de4-124a-436c-9c8b-534081725dba,62cac42c-2b38-4ef8-9022-1ff20ede16c1,c603cb6a-b7ba-42e0-94d0-225e2a0f669f,7a6f4214-d2d0-4e46-9745-90b9ddf19c58,1fc878e4-db70-4846-86dd-566bb80646d4,4f34d36b-bafe-414f-8575-7de1fca7d147,2ffc1c34-629b-4231-ae6b-1bea89787a9d,opportunity,"{"privacy":{"mode":"public"},"membership":{"policy":"open","trustedOrganizations":[]},"collaboration":{"inheritMembershipRights":true,"allowMembersToCreateSubspaces":false,"allowMembersToCreateCallouts":true}}",2
112,0c56a93a-53fc-499f-8c98-ca29d42c6426,"2024-03-11 09:53:44.666723","2024-04-30 14:41:45.230467",2,release-11-03-24-opp-7374,27713e18-172d-4104-b10c-f5f33455ca10,590f03f3-da7b-4e2e-a11f-c90824b0fde7,e1feb913-f5a3-4014-80cd-fd7920075f42,c36856a0-202e-495b-af5a-cf48347396d8,9ff349a9-69c4-446e-b3a9-14278eab0654,5cdbee9b-a465-473a-b115-646fbd4139b1,0c8f8636-76f5-4507-ad87-759ef80e2843,244f72c7-541f-4187-bea5-71ceb9064169,3705bd64-619b-40e9-9231-34142e0b1b0a,opportunity,"{"privacy":{"mode":"public"},"membership":{"policy":"open","trustedOrganizations":[]},"collaboration":{"inheritMembershipRights":true,"allowMembersToCreateSubspaces":false,"allowMembersToCreateCallouts":true}}",2
4,0c7bf6d6-81c4-42dd-87ee-fb2bd8e0f576,"2023-08-21 12:05:41.720763","2024-04-30 14:41:42.327536",3,checkcontribute-1839,c077b336-3bd0-4f96-a194-2a459293eca4,a03de17e-3a00-4865-8e26-76fd084268a3,a703ba6d-8208-448d-9038-56174521d4e1,3cfbfce0-d654-49e4-8b7e-f5378dc1c80e,c9cc9550-41c8-4a45-8d3d-c77fa17860a4,e615a83e-4b56-4ebe-9104-db25794c9881,b38b3528-aacf-40fd-bc0e-cde8ccb63960,7c19406a-935d-4605-99ef-fdb6624fba7d,bd272140-6d7a-423f-b683-9b1d698ca6b6,opportunity,"{"privacy":{"mode":"public"},"membership":{"policy":"open","trustedOrganizations":[]},"collaboration":{"inheritMembershipRights":true,"allowMembersToCreateSubspaces":false,"allowMembersToCreateCallouts":true}}",2
5,0d8a2c76-23f5-4ec2-b314-d789c0bf8ef7,"2023-08-23 08:52:54.404000","2024-04-30 14:41:42.352914",3,show-as-draft-opport-8741,be884fee-94a1-47b0-835b-717ec5a7d41c,24e70987-8161-458a-a657-b5b545fe37b1,05135518-550d-4870-8719-ec4f5de7f5ec,f2c643fd-3296-4d03-af1c-f5d339b89006,3d59acb0-ab35-44a1-bda0-b1f06b2ee36e,f2d51275-a3dc-490b-8c4b-7161e8e58276,0fd3ddc6-0bf0-480b-b105-133a3966bd85,7b1240e9-c31e-4d1d-9e8f-79187d07d617,7ca775d5-26ca-4dd7-87e2-3a11e02eb6bc,opportunity,"{"privacy":{"mode":"public"},"membership":{"policy":"open","trustedOrganizations":[]},"collaboration":{"inheritMembershipRights":true,"allowMembersToCreateSubspaces":false,"allowMembersToCreateCallouts":true}}",2
6,0e5b5bc1-e29e-411a-9456-0457addc2993,"2023-02-02 12:14:51.072826","2024-04-30 14:41:42.379447",3,222-3958,c9b1d9d4-58f4-4b58-bd3b-ee3f5ad89926,0c427de9-4ed2-45a8-95b9-35c39b700ceb,7866a07c-39ac-4c3b-a829-314b5efb7a44,af1efdb5-f11f-4d20-983b-29f026f773de,c981525a-5635-4524-b786-11ef45bfd1c8,61d3135a-3885-4bb5-bdfd-d2ef97349d80,03bfab07-99b4-421f-a572-d0ce4ec57a44,891a40b0-6871-4797-927f-c40bdad11fd6,25a924ac-c670-4602-8e39-a84d34b76a6d,opportunity,"{"privacy":{"mode":"public"},"membership":{"policy":"open","trustedOrganizations":[]},"collaboration":{"inheritMembershipRights":true,"allowMembersToCreateSubspaces":false,"allowMembersToCreateCallouts":true}}",2
7,10230dfd-da3e-4602-81c8-4d1ec062fb74,"2023-08-17 09:11:56.893776","2024-04-30 14:41:42.416639",3,testflow-435,ce6c7320-80e8-4915-92bb-f67c27344a26,44663b3e-319d-4f18-b106-994d945d7054,7b2b3e31-392c-4744-b36f-dc2b3e6f375d,e633142e-513b-47ca-88bf-c333b90c401d,f283630e-db04-46a4-8470-dd0df90cbaf1,d101d91f-856c-4487-9a00-f56893ee1ebe,8e8687c5-7a22-4e27-8256-94e43b7d576b,01a2dcd9-581a-4f1c-872d-2edfba8114de,030dbb5d-0fab-4bac-b194-4676bdd4550d,opportunity,"{"privacy":{"mode":"public"},"membership":{"policy":"open","trustedOrganizations":[]},"collaboration":{"inheritMembershipRights":true,"allowMembersToCreateSubspaces":false,"allowMembersToCreateCallouts":true}}",2
100,136f5e2f-a7a3-4161-8dfb-221177f7339d,"2023-12-18 16:06:30.397555","2024-04-30 14:41:44.912514",3,oppofprivatech-2034,c9a89fe1-dc59-4a78-9465-85dfeb84cc21,405795c7-4cf5-4978-8afe-829bb316fdec,01686bbf-1239-4a28-a8b3-a7e8e2de4da0,4a14719b-b1e7-4f94-8a84-ca6577273b33,a5c24dca-bd7e-4bd6-811b-d97a0c47ba5e,5b44ff02-1420-45d9-89ae-957615ff2527,37a35298-e4fc-4b26-a40c-f1fb8e08753f,4c45aeb4-7f12-4260-bd2a-e319bb140c67,6e5863b7-9851-4c20-bd89-34a387b011a8,opportunity,"{"privacy":{"mode":"public"},"membership":{"policy":"open","trustedOrganizations":[]},"collaboration":{"inheritMembershipRights":true,"allowMembersToCreateSubspaces":false,"allowMembersToCreateCallouts":true}}",2
8,176b8409-4bba-4583-a35a-128d4494b747,"2022-07-13 14:23:48.438178","2024-04-30 14:41:42.441208",3,food-sec,d065d00c-e57e-4aa7-9fac-4f5fe7aff99c,93204837-d941-4dd6-8295-33e0daf141a7,72303414-25d0-494f-a90f-68a2302c24ee,2c53559e-582b-48ce-97c2-c9eeb90563fb,41c58946-9b3f-4b24-9ec1-764733d77456,07e9d543-4386-437c-ab30-a866313ca50e,92609d38-75c3-4ff9-9d31-c668f400a35e,81469bd2-c7a2-43db-bc49-f15171bada9a,202a2301-5e6a-43ab-a65c-cbcaa3a41461,opportunity,"{"privacy":{"mode":"public"},"membership":{"policy":"open","trustedOrganizations":[]},"collaboration":{"inheritMembershipRights":true,"allowMembersToCreateSubspaces":false,"allowMembersToCreateCallouts":true}}",2
95,1a845a34-2fa0-40d3-9cd1-d41a1e9a712f,"2023-10-11 14:43:07.901330","2024-04-30 14:41:44.782366",3,release-11-10-2023-o-4658,89aa7ec5-f7bf-46e2-a807-fa136f946013,40dd0ff3-cbc9-49f5-8143-cff42a0c9df6,48174cb4-b1e1-43c2-81b6-bf474f738d4e,58168114-ba66-46e4-8481-bdeba4d28570,80eb2dba-286b-4620-b84f-18e8253aa0db,d4d5cbe2-3ecf-432c-b5ee-03ffc439b075,a9370336-ec63-4a3d-9fdc-340602785aca,584b0ae7-8509-4401-a2b6-47987236315b,c42bceab-053c-4ac9-a250-3195eccd3997,opportunity,"{"privacy":{"mode":"public"},"membership":{"policy":"open","trustedOrganizations":[]},"collaboration":{"inheritMembershipRights":true,"allowMembersToCreateSubspaces":false,"allowMembersToCreateCallouts":true}}",2
9,1b1f3525-1d29-46fe-b139-b7d0ef08afbe,"2022-11-14 13:26:05.282156","2024-04-30 14:41:42.464860",3,opp-release-14-11-20-833,f7a795af-3909-4551-91e0-51beb4d8dfbe,b0c6d7ec-219d-4fa5-8865-1e297b27efe8,1d7caf8e-56c6-4bf2-869d-d14831336807,e6c4b46b-b607-42a8-b987-ef9c31d3ccd0,35dadb01-be90-44e9-858a-e9d5832d5351,df3db336-de52-460b-9a8a-ee3e1967f815,8e67c62c-d685-484f-8a34-72a26fd4a006,54ce72db-036c-44ed-82a6-714a0536cbfa,41554e14-2a02-45e0-b8e4-669f497e27c0,opportunity,"{"privacy":{"mode":"public"},"membership":{"policy":"open","trustedOrganizations":[]},"collaboration":{"inheritMembershipRights":true,"allowMembersToCreateSubspaces":false,"allowMembersToCreateCallouts":true}}",2
10,1b599317-b9c8-4ee6-97aa-6f5235241791,"2022-12-29 10:18:06.267583","2024-04-30 14:41:42.488386",3,carlosnewopp-3511,f6468847-ae91-488d-96de-90e6441e5520,75e34265-7779-49b2-a788-bcbdf4ad0cec,066fe68b-a476-4771-9557-81a46972ce85,3c7611e3-1d40-47e0-b2d6-f8f2532d0360,3cbceb70-6403-43fe-a530-7859f6d771cf,d8823a03-5e0b-44de-ab87-8eced76f5ece,47363b53-dd5d-4925-86eb-fb565df7f168,e5e3ba99-57e1-487b-8c04-0ae1ff5e58f1,c9886092-38c0-4fbb-a918-c32f4d9786a7,opportunity,"{"privacy":{"mode":"public"},"membership":{"policy":"open","trustedOrganizations":[]},"collaboration":{"inheritMembershipRights":true,"allowMembersToCreateSubspaces":false,"allowMembersToCreateCallouts":true}}",2
11,1b688564-abbc-4e74-ae92-80bf1f2af551,"2023-06-15 08:37:42.427194","2024-04-30 14:41:42.511832",3,opportunity-15-06-23-7334,14d44215-8fba-45de-8bca-c74dd4ad49db,fcfdfd00-2583-451d-8f73-17469fecb055,77967ccc-ae2f-46f8-8f98-fa8b22961562,335e23f5-0d76-42ed-9143-3c5b86803f20,14a7cc58-5f53-4bb5-98f1-02287442e538,c4bd5d55-74c2-41f3-af09-af7277af6dc5,e3d1bb6f-f345-4dbe-b778-d90f04794dbc,5a67f380-66c5-47ce-95b1-a8ef96409a3c,3f3b7bf9-8f75-441c-a9d0-67d0225cad3e,opportunity,"{"privacy":{"mode":"public"},"membership":{"policy":"open","trustedOrganizations":[]},"collaboration":{"inheritMembershipRights":true,"allowMembersToCreateSubspaces":false,"allowMembersToCreateCallouts":true}}",2
12,1ca6f5c4-d7a0-4448-bc0e-8f21bf889650,"2023-05-05 09:58:04.807672","2024-04-30 14:41:42.536072",3,myopp-5361,7ed8a2f6-94f6-4693-a7e0-9f8a1e6fc9f6,787788cb-7ed4-4412-ab15-8a9e72fbb2a2,f4499230-5ae9-4bca-a725-961ede456081,d0e9200a-7bcc-4e7c-8855-bb4e6d038c04,f283630e-db04-46a4-8470-dd0df90cbaf1,633701eb-55ae-4491-97e2-8633a6f92547,ea19111b-d1ff-4d06-85e5-f43e74bed479,e7b1987a-fa13-4afe-b296-e82c75a63bc9,030dbb5d-0fab-4bac-b194-4676bdd4550d,opportunity,"{"privacy":{"mode":"public"},"membership":{"policy":"open","trustedOrganizations":[]},"collaboration":{"inheritMembershipRights":true,"allowMembersToCreateSubspaces":false,"allowMembersToCreateCallouts":true}}",2
13,1def74f4-1df6-415b-a839-2d87c101e7fe,"2023-03-01 16:37:57.315585","2024-04-30 14:41:42.560279",3,h2o-5333,ca55fa40-7c5d-4646-b210-a824c0ac4cad,d219a68c-a2fd-4c3f-bf5e-53e96466abf9,63d95c26-d5ba-4d37-a19c-d16b874e5d55,daba2114-0822-417c-911a-c4401756d591,da09973d-4684-47f4-94ff-2b19b31e001b,174ebbff-e198-4f1b-9756-282e8791cc4c,f7873ed0-a7e4-4737-ab6a-6251dbdc2326,08e16a74-8320-4d18-8841-264ddee588ac,d2fd58ee-7214-41e4-a1fb-c4c6efe16d55,opportunity,"{"privacy":{"mode":"public"},"membership":{"policy":"open","trustedOrganizations":[]},"collaboration":{"inheritMembershipRights":true,"allowMembersToCreateSubspaces":false,"allowMembersToCreateCallouts":true}}",2
14,24411c63-4fac-4926-ab31-15b68702c207,"2023-08-21 12:08:45.068512","2024-04-30 14:41:42.587173",3,checkcontribute-7514,4b7b2b6a-3e1a-474c-a406-3740624bd5bc,03dbff0a-319b-4ef3-bcf1-a4502e36057c,580455d7-cc76-432c-8356-5721c7c97de2,922aa9b8-8d46-497b-9b93-a065fd5f1a92,e15f7255-0a68-4541-85ef-876846e970e6,7b593e63-2ffe-4e06-8639-d1b8fda99e7e,f34361de-53df-46b8-ae44-849cb735fef2,bf4dad82-1b4a-495e-a05a-f890d4595fcd,b0ade88f-19f8-4857-a6d5-460f0f52ed32,opportunity,"{"privacy":{"mode":"public"},"membership":{"policy":"open","trustedOrganizations":[]},"collaboration":{"inheritMembershipRights":true,"allowMembersToCreateSubspaces":false,"allowMembersToCreateCallouts":true}}",2
15,24dd11b9-a9d4-407a-ae2e-bc4956b9712b,"2023-07-19 11:39:44.381604","2024-04-30 14:41:42.611469",3,opp-exploreren-flow--3293,d2812475-c28c-46e8-a9fa-5d351fd9d8fe,e5a73d4b-ec55-4ae4-8fdb-7c759601d370,d4527dda-4039-47de-bae4-dc8df1453672,8ef75237-fd86-40b6-a735-579690ed95ec,ee037a0b-bd94-475e-aee2-c0cd4e135cfd,d35c8568-76d3-412c-a581-a65f9cb9aa31,57b62644-6624-4325-a105-73043661c0f1,e3125b8c-2796-49b0-a1f7-f011787c0f58,413176bb-3b54-41f9-8cab-deabf9b57b59,opportunity,"{"privacy":{"mode":"public"},"membership":{"policy":"open","trustedOrganizations":[]},"collaboration":{"inheritMembershipRights":true,"allowMembersToCreateSubspaces":false,"allowMembersToCreateCallouts":true}}",2
16,25d94c17-c0d5-4ff6-95e6-2942ed77bcb9,"2022-08-31 09:47:06.618287","2024-04-30 14:41:42.633707",3,opp-release-31-08-2022,285dd083-9cae-4c59-8749-55d1b5841581,06a9b6a8-01b9-4cd5-a9aa-a7c153826621,d0efbe12-2ce3-4484-997a-0011e2edb862,dbf38812-2afc-4b74-8c75-9499b691ebc9,4a43b246-6b4b-40ae-af9a-7329e4303545,f81be4ea-4f08-46a5-8753-31c3ea903e98,179fe1c4-714e-47de-b7ab-2709adca9138,80674aed-3811-4581-bcb1-534a2310857e,dfd42500-cf96-4334-b96b-adc0957fc5e9,opportunity,"{"privacy":{"mode":"public"},"membership":{"policy":"open","trustedOrganizations":[]},"collaboration":{"inheritMembershipRights":true,"allowMembersToCreateSubspaces":false,"allowMembersToCreateCallouts":true}}",2
17,26e33cc8-12ea-46f9-9aa2-1c418c6ff2a6,"2023-08-22 09:51:30.431196","2024-04-30 14:41:42.662801",3,vite-opportunity-6654,ff8072c0-17dd-4170-9666-f14b2d5699ec,ec558b76-367d-4903-81bc-838faee1bd6c,141b1229-2768-4f88-887c-73364fba9c1b,1edfef25-4673-442b-a9c1-cbf5afe92136,1c73760e-b395-4492-a05c-45cb9c62c97c,a842b720-9b7c-4e36-a452-a46a8ced05d1,be161207-6d31-4af8-9c92-743ffc7acda0,8010ed2a-cd1c-4872-90e0-e8922874b4a8,760673f9-7ddd-4cde-8e5a-7ffe7ed35d5e,opportunity,"{"privacy":{"mode":"public"},"membership":{"policy":"open","trustedOrganizations":[]},"collaboration":{"inheritMembershipRights":true,"allowMembersToCreateSubspaces":false,"allowMembersToCreateCallouts":true}}",2
18,276f2d61-a47e-40ee-944e-9cb169ffe05c,"2023-08-31 08:43:15.444008","2024-04-30 14:41:42.709866",3,release-30-08-2023-o-9087,0cb0a9d1-2f02-4a4b-b7f3-3ce5290f3fb3,61bee5ff-b88b-442f-b36f-9efa1b46f78d,62692527-8a8a-4709-b0e6-c66877e1b1a1,c4aca073-3417-49fa-814e-246ce2717623,caa8313e-135e-4467-9f4d-eabfffaf9936,540395e9-60fd-4b65-8c13-0899878d8ac5,3b2049cb-d948-43b2-b36a-749b2836b997,c7be66ad-ad12-4884-a63f-4c2c30cf3115,ec922e89-c73b-4db3-9d0c-db257fa20876,opportunity,"{"privacy":{"mode":"public"},"membership":{"policy":"open","trustedOrganizations":[]},"collaboration":{"inheritMembershipRights":true,"allowMembersToCreateSubspaces":false,"allowMembersToCreateCallouts":true}}",2
19,2825821b-a9c3-4a13-926e-60d604cac161,"2022-12-08 12:14:24.578225","2024-04-30 14:41:42.735857",3,opp-release-08-12-20-2677,fa9b2528-ecb1-4911-899f-8f06085f869b,0e21cf4c-2ea2-469e-83c0-eac152198d74,5298594e-be35-4d0a-8773-96d3b9639f1d,0fefdb9c-4aa1-43ec-a623-af25ebdcdf4e,027f9a20-c130-4ceb-9ecc-7b3d74c1e49c,6c55dd5c-8e78-4da6-85dc-46a3ace699d4,d345118e-0d77-477e-8ef4-f9c0e4637186,ff95c03e-7ff9-46ef-8d10-457b8caf06d5,501bf5c3-b03d-4e78-899c-587c44860cf9,opportunity,"{"privacy":{"mode":"public"},"membership":{"policy":"open","trustedOrganizations":[]},"collaboration":{"inheritMembershipRights":true,"allowMembersToCreateSubspaces":false,"allowMembersToCreateCallouts":true}}",2
20,293fb962-f1e3-46ff-93a5-852dcc5a8250,"2023-07-27 14:23:10.937657","2024-04-30 14:41:42.759738",3,release-27-07-2023-o-642,50fa71d1-2daa-4cef-88b2-886a3dba8a57,a49c2556-ff3d-4d64-8201-360e4d0f08aa,3d3cd4d4-de67-40f1-a4aa-dfa2edf63b95,a184610d-3a76-4238-9282-5733689e9d2b,1a1b3643-7af3-4273-9ee6-32d6639e0857,4462e908-01c9-4d8b-901d-732e2641315f,bc11fc1a-4b1d-4299-8f23-5e6f9b15584a,d3e22d8e-0bc5-41eb-8c73-296dbb5c5792,89b950ad-9cbb-4499-9b4e-ca10e3b631d8,opportunity,"{"privacy":{"mode":"public"},"membership":{"policy":"open","trustedOrganizations":[]},"collaboration":{"inheritMembershipRights":true,"allowMembersToCreateSubspaces":false,"allowMembersToCreateCallouts":true}}",2
125,29ef5267-091b-4df5-858e-e23179db5658,"2024-04-17 11:56:43.147749","2024-04-30 14:41:45.555869",2,opp-vcs-7808,5ff1d39c-36e2-4022-9d2f-747ced01bbe7,4451384a-784c-4c7b-92c1-2fff4b7f32c3,1b21d6bd-bf81-43d2-9df6-2b8fc7dcce33,6bb6bb48-4599-4194-85b8-3a5dd9f74b5f,67addbeb-d37e-4f28-8c9c-f120001bc967,4ed0f880-5d0b-4e37-a450-2762560f45e7,0712831d-b5f0-40af-a79e-38119cbb5eba,65780dbd-11fe-4e8d-a493-8402e12937f6,872a04e9-88c6-485b-81de-b5c90debf6f8,opportunity,"{"privacy":{"mode":"public"},"membership":{"policy":"open","trustedOrganizations":[]},"collaboration":{"inheritMembershipRights":true,"allowMembersToCreateSubspaces":false,"allowMembersToCreateCallouts":true}}",2
114,2ccebc93-502f-4e31-b190-a4805d348b5c,"2024-04-08 09:21:27.317421","2024-04-30 14:41:45.266595",2,search-opp-active-9882,5258f2b5-f01f-4ccb-a257-4dd2b74a1824,0b0f4983-bb9b-4908-b21b-97aa93fc7d6f,a64540b3-d55d-44a3-acc4-957fc93c649b,0f1b8970-afb6-494a-a70f-ff1e7bf3b253,NULL,1e02d0fd-039e-4269-a130-662faaf77f38,65bce67c-dc86-4775-a0fb-fd960d72757e,075fc673-2050-40ef-a063-f6c9b01ba9f4,2a1e1e2e-0f3f-41b7-b9fc-45a4dd77be5f,opportunity,"{"privacy":{"mode":"public"},"membership":{"policy":"open","trustedOrganizations":[]},"collaboration":{"inheritMembershipRights":true,"allowMembersToCreateSubspaces":false,"allowMembersToCreateCallouts":true}}",2
21,2d2c6d78-ef9c-47b6-a2cb-52a00529adc1,"2022-10-11 13:34:02.597225","2024-04-30 14:41:42.785968",3,opportunity-release--6485,ecbfebf0-6d33-47f7-8245-c41fc88ac33d,36983506-d962-4630-9c9d-081999d2f3c5,3c2f044f-f05f-4ae5-9602-82113f69eefa,43f01b12-f7cc-4010-b225-165d378f20f8,71443cb5-98e3-48b6-a931-a99de8f9b20d,aefccf85-b70c-4b0b-9fd5-4d1b26fde32a,63ebaed6-c173-4eff-9967-45482963635a,862733ec-cc24-4159-bd93-0bb656dc895e,a32c8f48-4c55-4e57-818a-884cf8b2bfbe,opportunity,"{"privacy":{"mode":"public"},"membership":{"policy":"open","trustedOrganizations":[]},"collaboration":{"inheritMembershipRights":true,"allowMembersToCreateSubspaces":false,"allowMembersToCreateCallouts":true}}",2
22,2d5284f7-cd70-4c67-adc8-d40d11249dcc,"2023-07-19 12:18:40.793313","2024-04-30 14:41:42.811697",3,op-definiren-flow-6028,d3cc2c2e-5614-4bd8-afdb-d069e0a7a1fe,6aa259ce-a3cb-46db-8efc-9f854a7fdf8b,3e97e338-2fcc-44ba-8992-d172ab45a850,9290e2cf-3cf6-4e36-84a9-1d0597b84582,e780ff32-883c-43cb-8a0b-a13de9e12af0,27229e29-56b4-44ee-be2e-da7ef6128e79,38418d42-e279-4529-a474-0f01a34ec0f5,ad07a047-bf07-44cb-8cfd-e6c266b7cb9d,413176bb-3b54-41f9-8cab-deabf9b57b59,opportunity,"{"privacy":{"mode":"public"},"membership":{"policy":"open","trustedOrganizations":[]},"collaboration":{"inheritMembershipRights":true,"allowMembersToCreateSubspaces":false,"allowMembersToCreateCallouts":true}}",2
23,31d0226d-3121-474d-af4b-50ca079f92a4,"2023-08-21 12:06:27.979279","2024-04-30 14:41:42.837613",3,checkcontribute-8084,2485dbc2-0e86-4547-a228-045e83164b69,b25f58dc-caef-4940-9426-c2889937acd6,e9954075-a2aa-45f7-8b81-65461a5de5fa,29fe3321-1b4d-4b7a-8fee-d868333a629a,f3df2176-fadf-41db-8f41-f179a895ca54,3eb5b511-7548-47aa-99ee-a8e6c09f85bf,96fd473d-e2c6-4c77-be65-8f97a66d73a6,e8f846fd-eaf2-4c02-b617-b96e89db849f,4b37d4d1-d489-4d2b-9b53-4e90e58be45a,opportunity,"{"privacy":{"mode":"public"},"membership":{"policy":"open","trustedOrganizations":[]},"collaboration":{"inheritMembershipRights":true,"allowMembersToCreateSubspaces":false,"allowMembersToCreateCallouts":true}}",2
24,350a9f09-4b2c-4692-9822-cc42472666b0,"2022-07-13 14:24:07.281586","2024-04-30 14:41:42.863083",3,energy-op,9092e411-1ec1-4a7d-b4ef-12bf0f277684,d1cf7580-67ea-41e2-896e-b6d4e7e0a13d,e61d200c-9fcc-4562-a7d7-a8da8d931fd6,6c1ffc4f-66e7-4d7b-aa5a-881eea1137e5,78707e4d-3731-435d-91ac-e9fcc6ad5118,1182e37c-3c1b-48c0-82a3-1b365ae50a3f,35a16b14-2462-4929-a2e0-479b70f0ea78,bc9dec73-3526-4795-86de-d8e3dc36e91c,202a2301-5e6a-43ab-a65c-cbcaa3a41461,opportunity,"{"privacy":{"mode":"public"},"membership":{"policy":"open","trustedOrganizations":[]},"collaboration":{"inheritMembershipRights":true,"allowMembersToCreateSubspaces":false,"allowMembersToCreateCallouts":true}}",2
25,35f5b7ba-3ff9-49dd-8fc1-ea8ec43935a6,"2023-07-27 10:59:22.151682","2024-04-30 14:41:42.889077",3,2344234-5975,7f7210a3-335a-42b1-9c16-1130debc674e,220eda13-df92-4238-b81c-7fa7789cf7e1,1e26acfb-d776-43c4-b862-8e4a2dd56c71,1523c45a-2dde-4c8a-910a-cdbcd564c735,b60f7c9b-ac20-48f4-84c2-4394b9412376,3da8173c-03de-4995-8c68-48c0f163f1f7,332e4fe2-1758-4958-bf2c-d09ae6be5581,278e2afc-b2fe-43df-b539-8d8152bca27e,d2fd58ee-7214-41e4-a1fb-c4c6efe16d55,opportunity,"{"privacy":{"mode":"public"},"membership":{"policy":"open","trustedOrganizations":[]},"collaboration":{"inheritMembershipRights":true,"allowMembersToCreateSubspaces":false,"allowMembersToCreateCallouts":true}}",2
97,37009f79-a384-43f7-8d36-21e290ef9198,"2023-11-09 18:50:33.531693","2024-04-30 14:41:44.836501",3,release-09-11-2023-c-737,4817f6dd-5216-47c6-9c9b-65f19271b019,6bdd8a90-4d1f-4c5b-b0c1-d477f74d8b01,271613e1-964a-4be4-b878-228b11a0fd66,5d10abb0-605c-4946-bd96-48f8e3e08a3f,a49e0f8f-c9fc-4f95-aad7-fee2494672a9,88ff1b0d-1905-4094-88eb-bd55f5189c59,928220b8-57fb-42cf-ae99-9c26e675d65a,eb608f72-2397-4de5-834d-5de6e6a16036,f1ece006-fbd2-470c-90b4-4104d4e22b2d,opportunity,"{"privacy":{"mode":"public"},"membership":{"policy":"open","trustedOrganizations":[]},"collaboration":{"inheritMembershipRights":true,"allowMembersToCreateSubspaces":false,"allowMembersToCreateCallouts":true}}",2
26,38689d47-b41f-4226-8085-329a6f6bca8b,"2023-05-12 06:59:57.458843","2024-04-30 14:41:42.910883",3,opportunitymigratio-7165,67e25a07-9b0a-4b63-96bb-b92fe93e7697,5503b06e-91eb-401c-8011-85953e16052a,2e010a54-b288-401b-9fd2-07c2fdb480ec,41e79d6a-ed06-459a-88f1-972adfd975e3,0a222cd3-3c8f-4534-9d0b-2f7ef7d453d6,3b460633-0b1c-4b3a-a8b0-bef32fe2f9cc,b11e6add-5b7b-404a-ab9a-cab6f9b51ccc,62ceaabe-9d30-46c2-ba83-ab43b84d9d06,74f29174-2e1d-46a1-8a72-54a6977474a9,opportunity,"{"privacy":{"mode":"public"},"membership":{"policy":"open","trustedOrganizations":[]},"collaboration":{"inheritMembershipRights":true,"allowMembersToCreateSubspaces":false,"allowMembersToCreateCallouts":true}}",2
27,3bc43c86-c793-469b-ae60-270a711783c9,"2023-08-31 12:01:37.668755","2024-04-30 14:41:42.939060",3,opp2-9577,a29a7f98-da2b-4a7c-b2d3-b5794ecbd53d,8fc7bbaf-14b7-46b7-ac1c-fd5387461126,f4915459-3d33-4eeb-9967-0afcb96b83fe,d4748381-7726-4799-a7fd-0e7d932533dc,4ccd3004-9435-482b-959b-3ab8225f1f1e,cbbbeb92-2123-49bc-a63a-e6ee974954df,10ae6c20-0481-47a9-a98b-88a4814cb8ca,4ab89a4d-ece8-4361-8e17-3ad8bc212dba,3671c3e7-8dd7-459a-a536-135ec1ae1d6c,opportunity,"{"privacy":{"mode":"public"},"membership":{"policy":"open","trustedOrganizations":[]},"collaboration":{"inheritMembershipRights":true,"allowMembersToCreateSubspaces":false,"allowMembersToCreateCallouts":true}}",2
120,3c71e150-751a-4003-9f9a-1ac74808f180,"2024-04-08 10:04:47.338361","2024-04-30 14:41:45.420709",2,search-opportunity-d-3512,ea664d34-dcac-4149-9a55-7426909cf236,e9e9f6c1-49d1-4879-8d25-0aa8f8f0459a,8c5829a3-1409-4518-92bf-d12a8f007294,d73d5844-6adc-4200-b041-8f0315378563,4e687dbf-4198-4d5d-b3c3-106e9652b7b7,bae2c29d-2b7f-447b-aeef-1070bc1093d3,da15dd5d-ff96-4b05-870d-50c2a6ca66a6,8712816e-7ac6-4fdf-bb8f-e8e117c23484,a83b9661-fa4a-40ab-b5c3-3e33a5ab323c,opportunity,"{"privacy":{"mode":"public"},"membership":{"policy":"open","trustedOrganizations":[]},"collaboration":{"inheritMembershipRights":true,"allowMembersToCreateSubspaces":false,"allowMembersToCreateCallouts":true}}",2
28,3f8992dc-b91c-4312-ae3a-bf09e3dd1825,"2023-08-16 15:37:39.406509","2024-04-30 14:41:42.966821",3,changeflow-6571,27d346db-55f4-4626-93f3-4abe88584573,bbbb034a-bec1-4aaa-b717-a58f5014a6d7,cac2f0bf-a022-4c80-818f-650dea12dadf,feac3b70-1567-41a4-8222-07d74dd9a62d,a1b8011b-5298-410b-abd3-03cfbc4e94d0,51eb4b07-81ac-46a9-a0d0-b9914ed1beaf,177dca53-2a0a-4bd0-a9e1-975c18a737e2,5a70217e-e4ce-43be-ae01-bddac32ce7f3,b0ade88f-19f8-4857-a6d5-460f0f52ed32,opportunity,"{"privacy":{"mode":"public"},"membership":{"policy":"open","trustedOrganizations":[]},"collaboration":{"inheritMembershipRights":true,"allowMembersToCreateSubspaces":false,"allowMembersToCreateCallouts":true}}",2
29,4033b605-2635-47c5-bfe9-af96e3566717,"2023-07-19 12:19:44.642944","2024-04-30 14:41:42.992255",3,op-default-flow-767,2e5bb403-b4eb-4937-96e5-002a7e56bfa1,73bc16c7-7647-428c-b80d-f9c8a4f4dfbc,d12f756d-0a42-4bc8-bcec-cd2592f5883f,1d50de4f-e094-4521-9ce2-4604eb10d60a,e780ff32-883c-43cb-8a0b-a13de9e12af0,007be9d9-5761-4266-81c6-54e1e9a1bb5c,a5eece49-2d3b-417b-bbfd-47601b9f9e18,07fbc6e5-37b7-4182-ae46-6e390d1d4d35,413176bb-3b54-41f9-8cab-deabf9b57b59,opportunity,"{"privacy":{"mode":"public"},"membership":{"policy":"open","trustedOrganizations":[]},"collaboration":{"inheritMembershipRights":true,"allowMembersToCreateSubspaces":false,"allowMembersToCreateCallouts":true}}",2
30,4089ead7-3634-49dc-bea3-174d6b44385b,"2022-07-13 14:32:26.592887","2024-04-30 14:41:43.021769",3,release-13-07-22-op,b67a9b31-faab-407d-b1ce-6fa73aee01d7,ce6030de-46c3-49e9-ba1c-57cfd4bcf7b9,a64328bd-ea01-4f91-b39c-626a61924b0b,069c6f04-902c-4d2a-a376-d2b809e7ce22,c95cad3a-95f6-4780-8209-228efa07deb3,c1f2d644-2b66-48e3-b060-9027c8aeb446,cbf73415-b8eb-4681-a763-082bf410934b,9b9b928e-d448-41cf-81a4-a815eb43c2f0,8e6f275b-7af2-4a37-ac8b-b18ed98c58aa,opportunity,"{"privacy":{"mode":"public"},"membership":{"policy":"open","trustedOrganizations":[]},"collaboration":{"inheritMembershipRights":true,"allowMembersToCreateSubspaces":false,"allowMembersToCreateCallouts":true}}",2
109,430b8e05-3dce-4afb-9b21-48c970085dcc,"2024-03-07 09:24:45.657045","2024-04-30 14:41:45.151789",3,release-07-03-2024-o-9494,791874b4-602b-4be9-90f1-e1647c75bdb2,cb80b949-40bf-4c6b-aef8-958d25a13c58,eb07d8dc-e07a-46d9-b923-6e868ada7a4a,3698e50e-4fda-44e5-a10d-2ad2651573ae,41b43ecb-f31c-4570-a196-68a1a25eb354,0d7e2d72-3692-4393-bfd4-b65af8382a22,a83a177c-3bcb-47b1-b0bb-63a057d2057c,c643acde-e885-4977-915a-e8e36af4b581,675cd823-5d68-43a5-8260-70353172140a,opportunity,"{"privacy":{"mode":"public"},"membership":{"policy":"open","trustedOrganizations":[]},"collaboration":{"inheritMembershipRights":true,"allowMembersToCreateSubspaces":false,"allowMembersToCreateCallouts":true}}",2
118,450cd1cd-ae6d-4c40-95a9-f9d50ddcddba,"2024-04-08 10:04:40.936741","2024-04-30 14:41:45.368361",3,search-opportunity-d-5549,e5c84c86-3d75-49a2-a0e6-f0422b634757,f492374b-57bb-4e35-b1b8-36cf0ccffcc7,c2fbc7f7-2b14-4ffb-8879-66f7e54249b9,5f949204-ecd2-4290-9ac3-c271b4db7e26,NULL,2c7b104a-a495-4750-83e6-53ae2e805e46,4746d926-b2c8-4b2c-970e-ecaf9cdc587b,56e6d67b-4ab8-4c9e-84ec-3e83c6b0d0da,a83b9661-fa4a-40ab-b5c3-3e33a5ab323c,opportunity,"{"privacy":{"mode":"public"},"membership":{"policy":"open","trustedOrganizations":[]},"collaboration":{"inheritMembershipRights":true,"allowMembersToCreateSubspaces":false,"allowMembersToCreateCallouts":true}}",2
117,46cdc3c9-3c6d-47ba-977b-5c5dda1e2cfd,"2024-04-08 09:21:48.405275","2024-04-30 14:41:45.340817",2,search-opp-active-1048,c745da49-1639-462d-a012-ed0ac064fabb,8715e2c4-c2e8-4800-8113-194fd6b26a7f,8db172ea-d000-46b2-9e79-54cd51969dcf,94c65e80-45c9-4146-a772-022ffb59369f,5fe04cd3-74d0-4ea9-8149-9f767e2f01b3,71d947a8-9c82-4f72-b39b-6d22666ba657,58ee9dd2-fdef-4b3f-82dc-d0f006a75cee,189c6c51-79c1-43d8-873f-64195845eb69,2a1e1e2e-0f3f-41b7-b9fc-45a4dd77be5f,opportunity,"{"privacy":{"mode":"public"},"membership":{"policy":"open","trustedOrganizations":[]},"collaboration":{"inheritMembershipRights":true,"allowMembersToCreateSubspaces":false,"allowMembersToCreateCallouts":true}}",2
111,48afcc93-a0f4-4d57-ad68-69b5a533ae8c,"2024-03-07 09:25:00.150543","2024-04-30 14:41:45.208026",3,release-07-03-2024-o-3649,8f4a10fe-e2fb-4aa5-91ab-111d6ef6bce4,ebb3f46a-93c7-4ff8-9fcc-fd778570f64e,7f33c477-2f6b-4024-bac0-7a324bd2075c,468d9794-270f-4bfe-b394-c5610050057d,41b43ecb-f31c-4570-a196-68a1a25eb354,7d2b4340-89e9-4f18-a724-5b5017ca7d38,371a01df-7e37-4e33-9a14-a078403b7c39,2f6ee86e-1fca-4eab-a7df-9082a14ff9bf,675cd823-5d68-43a5-8260-70353172140a,opportunity,"{"privacy":{"mode":"public"},"membership":{"policy":"open","trustedOrganizations":[]},"collaboration":{"inheritMembershipRights":true,"allowMembersToCreateSubspaces":false,"allowMembersToCreateCallouts":true}}",2
31,499fe6b8-c038-4b2f-bdee-14d9e5da5cad,"2023-02-03 16:42:28.365554","2024-04-30 14:41:43.048729",3,123312-9466,b62ab555-92b1-461f-b21b-d4f10ba82927,8720c732-c62b-43c7-b7c2-9c5456da65a1,2f2f9307-5bf6-4fe4-8e04-da6f8010a5ea,7d9eeb2d-d170-4085-9321-94d1f7a9853a,8cd6b7f9-3983-4b9d-b8b8-d1d454f7f4ae,2ca1032d-6617-40c9-9a8b-f4e688c09077,92944ea0-eb8b-4108-ad41-db431c0858ea,5cb7292b-150f-4419-b18a-65fc88c32e6e,85b8ff5f-7da5-4fcc-bdff-3e93a59c5d67,opportunity,"{"privacy":{"mode":"public"},"membership":{"policy":"open","trustedOrganizations":[]},"collaboration":{"inheritMembershipRights":true,"allowMembersToCreateSubspaces":false,"allowMembersToCreateCallouts":true}}",2
32,4d4c6e15-cffe-42c4-9715-4fedc234bcbd,"2022-11-25 10:59:05.858948","2024-04-30 14:41:43.078843",3,opp-release-25-11-20-776,9d36172c-5103-4043-b8d7-4104d01b1dde,b1ade273-bb9a-452e-bc15-6f61acf054de,0f663fc9-c4fb-4ccb-a800-e93687497950,cade6d3e-80f7-4bc5-b5a6-c83218232f6d,1c77c2de-ee84-4266-ba02-1e75b9bbbc10,ce449a32-c4ff-4980-9e99-8d840c9477fe,d32ad356-6724-446a-99f5-a2e90ae11282,face9023-a1e8-4c40-ac78-1163c0003639,06e3c69e-1b31-4770-855b-6047d50dbd67,opportunity,"{"privacy":{"mode":"public"},"membership":{"policy":"open","trustedOrganizations":[]},"collaboration":{"inheritMembershipRights":true,"allowMembersToCreateSubspaces":false,"allowMembersToCreateCallouts":true}}",2
103,4d6cc015-f4f2-40f7-9d86-84342cbf5330,"2024-02-21 11:04:04.089466","2024-04-30 14:41:44.998474",3,release-20-02-2024-o-6655,9e2c637f-eb08-495b-bbbd-22cf0cb30d6b,bdf7ac46-db5c-45c1-adee-027460019e20,3eee8ffe-436b-4ecb-9bf3-6fadb25de600,eb380401-0329-4076-b173-4ab058a8c746,a2beb0e5-c0ab-46c4-ab9b-ea0311f4051f,aac7f72d-a3a3-485d-bf27-fd93ed09f2c6,93171514-be77-4917-9be4-200972c94df7,8691822b-ba13-45e4-a7e4-b0f10b737a58,1511a142-cf8f-4644-bcb4-9e2c14d117a3,opportunity,"{"privacy":{"mode":"public"},"membership":{"policy":"open","trustedOrganizations":[]},"collaboration":{"inheritMembershipRights":true,"allowMembersToCreateSubspaces":false,"allowMembersToCreateCallouts":true}}",2
33,4da9600d-232d-4cc7-979b-e0db88eb3df9,"2023-08-24 19:35:46.797768","2024-04-30 14:41:43.104100",3,release-24-08-2023-o-2898,2e7e1f66-6a15-4e6b-b920-671709462f74,482b674d-b851-4250-9ed4-3be63458d738,5d5aa93d-47b6-4096-ad80-1c415b9c4fe7,63fea096-7e81-4dca-b7bf-8f5354c3f2cf,b5e491a4-2b65-4447-af73-be7f170b4274,821acb68-cf27-4856-a05d-e1560f4b4cba,8eba2727-682e-443a-8d9b-ff0f5340c122,a770282d-87b9-4554-9d22-ef1cdcbc1260,1af06598-9b90-4825-a422-21c6c5c3f800,opportunity,"{"privacy":{"mode":"public"},"membership":{"policy":"open","trustedOrganizations":[]},"collaboration":{"inheritMembershipRights":true,"allowMembersToCreateSubspaces":false,"allowMembersToCreateCallouts":true}}",2
34,52d837ee-a4bb-4e5c-81f2-450fb7a40469,"2023-06-02 10:13:40.848090","2024-04-30 14:41:43.133483",3,release-02-06-2023-o-1303,a2fbac06-0f7f-47ac-8273-af82bfac5c98,75ae83cb-3662-46bc-9aed-e642cb4db1b2,7c290982-6793-46f4-af9f-41ea1338349e,4c6fead4-cfc3-4154-8507-f8537ea7a182,65534dc9-bc42-48d4-8703-976a9eac5c1c,8321844e-e315-4472-b292-c44357628bb3,b04659b5-a40c-4de9-88ac-6ad9548a812a,598b8728-d87a-4252-9eff-bfd47452ba9a,60fd3c9c-e9ff-45cb-9170-0f611e0d4b5a,opportunity,"{"privacy":{"mode":"public"},"membership":{"policy":"open","trustedOrganizations":[]},"collaboration":{"inheritMembershipRights":true,"allowMembersToCreateSubspaces":false,"allowMembersToCreateCallouts":true}}",2
35,55b03f8a-beff-4927-bf1e-d1ec1fd4f09d,"2022-08-24 09:14:16.127630","2024-04-30 14:41:43.161787",3,opp-release-24-08-2022,48aa6587-2726-452d-9615-1b3d66b87e0c,65f35d50-cd1e-4898-8499-f1e27f9bbd75,9220d6c4-bce3-41ff-ab37-bf9929505236,e3654975-dd3f-41c5-ad3e-7efe5607f6de,3662ab6f-24f2-469d-b4a1-78d5bdd55a74,2e79b590-9f4f-4893-96fc-4f247dafe3b0,4025c2a4-fa7a-49a1-a4ad-736ad2f38250,7aec5739-2fc2-4d63-979c-8811bade8812,39d0ad73-5bd5-4998-b7fb-28436df1fac3,opportunity,"{"privacy":{"mode":"public"},"membership":{"policy":"open","trustedOrganizations":[]},"collaboration":{"inheritMembershipRights":true,"allowMembersToCreateSubspaces":false,"allowMembersToCreateCallouts":true}}",2
110,55d5e52b-0db8-4ff1-b594-dbf24e97cfbb,"2024-03-07 09:24:54.235030","2024-04-30 14:41:45.177986",4,release-07-03-2024-o-1489,d3e9a7f9-2a2e-4f5b-8b57-a387e1385d63,3836ccc3-1749-45e8-a716-2b3704612555,61b9046e-5a8f-4eaf-ac9f-a53b278cd152,59ca7170-b1bc-4ab3-846c-82e710675908,NULL,4a06967c-9ca7-4676-a13c-d1c273d76052,2f8915df-a1be-41b6-bdd1-6aed651024be,2b29d678-68b7-470c-94c3-d159758279fe,675cd823-5d68-43a5-8260-70353172140a,opportunity,"{"privacy":{"mode":"public"},"membership":{"policy":"open","trustedOrganizations":[]},"collaboration":{"inheritMembershipRights":true,"allowMembersToCreateSubspaces":false,"allowMembersToCreateCallouts":true}}",2
36,56d8293e-d84d-42a8-9eeb-77cbd6373e8e,"2022-07-13 14:24:16.629831","2024-04-30 14:41:43.187585",3,water-sanit,74a53cf6-71a4-4456-af02-6ef6776f2dc5,9d793ef5-a47a-48e5-8917-7ecf40ca318d,e7e3edf8-67fe-433d-b176-e5f67a6008af,11c268c7-088d-43df-a9fa-3ba65f4d8154,71577ac4-cf86-4d16-9c9f-021c39192118,9c8863c4-6413-4706-a611-b346a7184b63,b9b356cf-a8c4-4e77-8a14-01dc142936cc,d5f5249a-b798-40a6-a27c-12cf21ffdab9,202a2301-5e6a-43ab-a65c-cbcaa3a41461,opportunity,"{"privacy":{"mode":"public"},"membership":{"policy":"open","trustedOrganizations":[]},"collaboration":{"inheritMembershipRights":true,"allowMembersToCreateSubspaces":false,"allowMembersToCreateCallouts":true}}",2
37,5fb5f326-9e29-48c0-9d09-c81e3b5a3569,"2023-07-20 13:05:52.120837","2024-04-30 14:41:43.213586",3,opportunity-fix-19-0-8132,273966a6-fbc6-4a86-bf23-87b0b906bcb9,2c49f5b9-e377-47c5-90f2-0eb8241c3da1,388a486d-4d62-4867-861f-ca6ea4f6b2b7,f3bd8935-dd67-4806-bc96-de7a44b28151,7a982de2-d9d1-4e0d-bee4-127d22b49e09,ffd492b9-7c4d-4a40-862d-8f3047e040b9,c72f6eb6-501c-451e-874e-e368279d8006,b05d78c7-f670-4c32-a103-6179603963bd,ac696ef5-1b1c-4b99-b528-c59abb460ebf,opportunity,"{"privacy":{"mode":"public"},"membership":{"policy":"open","trustedOrganizations":[]},"collaboration":{"inheritMembershipRights":true,"allowMembersToCreateSubspaces":false,"allowMembersToCreateCallouts":true}}",2
38,610affa8-e3e3-4ddf-9b37-dc4c4877e78b,"2022-10-05 14:53:00.685418","2024-04-30 14:41:43.243851",3,test-9477,0f76480f-6a7f-4a9f-8981-6557ccd36ecc,ea37c345-9da2-429a-97d3-882046b199ac,ee265f85-7f20-45c7-a8f4-2d614d90e438,80fa74ef-83fa-427b-9549-a466780ae928,c750c501-c26d-456c-a2bd-a1c646302879,192ff65b-12ea-4c7d-8f3c-337881492643,2fdc223a-cc72-4b3b-8756-b31fed2d72a7,24ee463d-2701-431d-9847-d0780c58d023,d02eabd9-f6bc-49fe-bd93-8a2da953cbc6,opportunity,"{"privacy":{"mode":"public"},"membership":{"policy":"open","trustedOrganizations":[]},"collaboration":{"inheritMembershipRights":true,"allowMembersToCreateSubspaces":false,"allowMembersToCreateCallouts":true}}",2
39,65e23cb9-5bf6-4027-97b0-8fc88e7acf5e,"2023-07-20 14:15:20.511896","2024-04-30 14:41:43.268379",3,opp-3209,b1438972-3bf8-4a72-8e6b-dd20b2296fb9,7d52ebb1-6544-46aa-a0dc-f66bd4e2d25c,334c5c67-2d29-4470-a3aa-d595f3045ade,bb602a69-84c4-40c0-9d1c-a2887686d938,be134bf0-36c6-4a83-a6b3-90fe288bf560,2da708f4-abbc-4d91-97b2-99e95300a766,080af429-4f78-43e8-aa64-8507286bd6fa,673532f2-dcdf-447c-963f-e8058006e1d8,ac696ef5-1b1c-4b99-b528-c59abb460ebf,opportunity,"{"privacy":{"mode":"public"},"membership":{"policy":"open","trustedOrganizations":[]},"collaboration":{"inheritMembershipRights":true,"allowMembersToCreateSubspaces":false,"allowMembersToCreateCallouts":true}}",2
40,6727403c-092d-4b6d-9e09-e7250828eaf7,"2023-01-12 11:37:36.663934","2024-04-30 14:41:43.293229",3,opportunitycreated-3397,fea65fa3-bb36-4f3f-a885-f571573133f2,7e595262-9e0e-4d33-9806-e6a8a7301db1,e6657a2e-12d4-4ff1-9580-b5aeb00bfbc7,a2bed377-46c5-4203-8bc2-0d7851e9a7f6,77f450a1-3fb5-4fd8-a5fe-8f2f0d0cd4a6,9443a07a-0074-4b53-acd1-45c4a023a96d,57df7cc6-a828-4284-b39c-cdf6f394f9a1,25500399-6afa-4bb2-878b-1c6e3cfc9c02,06280ace-46d4-4aca-adeb-e7a3143753b6,opportunity,"{"privacy":{"mode":"public"},"membership":{"policy":"open","trustedOrganizations":[]},"collaboration":{"inheritMembershipRights":true,"allowMembersToCreateSubspaces":false,"allowMembersToCreateCallouts":true}}",2
41,6788d622-dc22-4b90-817d-7619305279bc,"2023-01-26 18:43:08.366861","2024-04-30 14:41:43.319143",3,evgeniopportunity-5019,743ec1a5-bc8a-40ad-ad0f-c7b6e5a5a2b9,2a3463d9-b94b-47da-96a1-baef2cfc364d,e10fdfeb-882d-40f6-864b-c4defc480997,db28ee0c-5897-491e-a72f-89207b87bb8e,97fe7a4e-aa8e-4219-8741-313f7c94daec,6e6c9e13-572f-44a9-a915-74cd106ee1ef,a970da3a-83b6-40fe-b872-52bbcbab5aa0,21529d86-4427-423e-af80-9dcb5adfc399,85b8ff5f-7da5-4fcc-bdff-3e93a59c5d67,opportunity,"{"privacy":{"mode":"public"},"membership":{"policy":"open","trustedOrganizations":[]},"collaboration":{"inheritMembershipRights":true,"allowMembersToCreateSubspaces":false,"allowMembersToCreateCallouts":true}}",2
42,6c317422-e227-477f-9e7f-7ba1cad6c23c,"2023-04-06 13:37:22.875145","2024-04-30 14:41:43.345125",3,release-06-04-2023-h-517,eaf73bb8-6af3-49b5-82c0-ad6d2fd53248,5a96f5a6-9de1-4779-9199-ac46393d9e18,2326139e-8d81-4b57-97b9-daa00cd8cf08,6f023f76-7202-4531-aaa7-ea1d9f4a6360,34863de4-f7f7-4caa-b30c-7e34a938c416,31df6899-fcf6-4c03-939f-677d2ebf8f55,85efb12e-c195-41b3-a4d3-673577e7f01c,61c262c8-c310-410d-9ef9-ce7eb05c1fed,8f4fe9d9-5ab5-4708-a3eb-b0f1c0d42328,opportunity,"{"privacy":{"mode":"public"},"membership":{"policy":"open","trustedOrganizations":[]},"collaboration":{"inheritMembershipRights":true,"allowMembersToCreateSubspaces":false,"allowMembersToCreateCallouts":true}}",2
43,72775595-bd69-425c-9208-26579edb1256,"2023-01-12 11:18:26.663128","2024-04-30 14:41:43.372727",3,sveopportunity-339,eb549147-24e0-4268-8b3b-062849ee43d8,837d127a-9c80-4f59-8021-de47c07041ae,ac826ad3-4c77-4033-a6da-34f896794679,dd45ac79-eedc-404f-adcd-7a980060d684,3a5c26ee-a184-4208-8952-cdbcd81d5006,7dd27a55-e3a4-41a9-9dc1-9c0a7a49086d,a1dcd80b-e8e3-420c-a0eb-337b80bbd35f,835e8a09-88e0-4575-8947-2220304120db,06280ace-46d4-4aca-adeb-e7a3143753b6,opportunity,"{"privacy":{"mode":"public"},"membership":{"policy":"open","trustedOrganizations":[]},"collaboration":{"inheritMembershipRights":true,"allowMembersToCreateSubspaces":false,"allowMembersToCreateCallouts":true}}",2
44,78b9ab19-f81a-46c4-b1a6-79b4babe4226,"2023-02-21 10:36:27.675378","2024-04-30 14:41:43.396597",3,release-21-02-23-opp-132,f05ddd85-e5b4-47ac-9242-8c709a20b258,649507a2-d280-484f-af83-2eb66fd7d00e,bfbfe341-842f-4c26-9e17-fe7d2877450e,48b003e2-914c-4baa-8698-aea27b57972a,a9e4a80d-9b8c-4b31-b859-06cb492c5477,69cc0195-861b-4fde-891e-2faa7c2c01f2,474fa06a-84c3-4942-a889-22e580ebbc6b,7bd29eac-2069-487c-bbf6-fdc8dde9aaf7,a2c00103-8a26-4c85-9eff-596ef4d39d46,opportunity,"{"privacy":{"mode":"public"},"membership":{"policy":"open","trustedOrganizations":[]},"collaboration":{"inheritMembershipRights":true,"allowMembersToCreateSubspaces":false,"allowMembersToCreateCallouts":true}}",2
116,78ca9ea3-d340-4282-aea9-b365b518324e,"2024-04-08 09:21:32.888345","2024-04-30 14:41:45.316346",2,search-opp-active-3990,3b3f2fdd-1ea5-4ccd-993a-487e1becdf3c,858acd01-1737-43f7-bdcf-fae8038cd7a1,a2db7e9a-7882-401e-82c6-e25a5300b3d6,920c550a-253e-4a82-8787-dc93319eea09,5fe04cd3-74d0-4ea9-8149-9f767e2f01b3,7cf85c4b-b0f0-403a-8cf5-f305728d3b38,5ce478eb-2ecf-4c2a-9e14-ea7cd249058c,a96c3f51-78d9-4b85-9292-4cad87956887,2a1e1e2e-0f3f-41b7-b9fc-45a4dd77be5f,opportunity,"{"privacy":{"mode":"public"},"membership":{"policy":"open","trustedOrganizations":[]},"collaboration":{"inheritMembershipRights":true,"allowMembersToCreateSubspaces":false,"allowMembersToCreateCallouts":true}}",2
45,7b00b89e-ecfc-4e9b-948c-823f369af71a,"2023-01-12 11:21:07.673668","2024-04-30 14:41:43.421733",3,andrewsopportunity-5489,3e225d4e-5dda-4378-9888-7fdf7ea837c2,3ccc9c9d-ebfc-41f2-8d92-a250967ebde7,b8e28b53-568e-4d74-bea2-4a42e20c6a94,b0ea5a02-574b-4418-8995-6fec9956b9ef,4275042c-557c-4aea-95fd-0fe61a42e9e5,15386f82-2412-43ee-8b56-453f4cf49574,cbd2e8eb-f335-4467-9479-f81310dcdafe,fd0d99eb-e770-43bd-951a-6cd9a669a2d8,06280ace-46d4-4aca-adeb-e7a3143753b6,opportunity,"{"privacy":{"mode":"public"},"membership":{"policy":"open","trustedOrganizations":[]},"collaboration":{"inheritMembershipRights":true,"allowMembersToCreateSubspaces":false,"allowMembersToCreateCallouts":true}}",2
46,7c0862a6-9b95-4e17-ad0d-22ac3b7e2d3c,"2023-08-22 10:30:25.269613","2024-04-30 14:41:43.444044",3,test-6070,662c127c-4e44-4b7c-85d2-e61cebabba7b,82414c5c-0541-452a-831a-d354cfbeeb02,4460fa5a-619c-4b0d-ad4c-bcd4bc1795fb,b2874263-1458-4d40-ad88-32431d4a2780,bbc0c0ef-3978-4597-8bf6-5ace5c78d7b7,aca7b45d-10ba-4f40-81a6-a3133a5e7422,8ba56e0f-47bf-46de-a23b-a2e06861fbde,eb1e8709-5e2a-426e-9a84-8f9c483cdade,760673f9-7ddd-4cde-8e5a-7ffe7ed35d5e,opportunity,"{"privacy":{"mode":"public"},"membership":{"policy":"open","trustedOrganizations":[]},"collaboration":{"inheritMembershipRights":true,"allowMembersToCreateSubspaces":false,"allowMembersToCreateCallouts":true}}",2
47,803d0e9c-dc6e-452a-a9e5-402124f7ab37,"2023-02-10 14:29:50.582662","2024-04-30 14:41:43.468466",3,release-10-02-23-opp-7036,9c289e86-0ae7-4919-b3e0-86ad49e635b7,609a3258-170e-4652-ac19-73e8b34fdae8,c3faa684-d04b-49c9-b547-3fec0ceb31b9,18222498-59b5-4b9c-8439-7f7773bdaad8,b746a4e6-58c0-4ed5-94b4-58e6909a9173,48a8263c-079d-4e28-8fd4-e7a5ee85fd70,54d648de-6f37-4b9f-ad1a-592e2bd66e77,32b81bd9-5f2d-4f54-9194-80ad06784cc0,956bee82-a24c-47bb-aede-f3b5582abccb,opportunity,"{"privacy":{"mode":"public"},"membership":{"policy":"open","trustedOrganizations":[]},"collaboration":{"inheritMembershipRights":true,"allowMembersToCreateSubspaces":false,"allowMembersToCreateCallouts":true}}",2
115,806a5132-4047-4f62-985c-d7f6e251e766,"2024-04-08 09:21:28.994239","2024-04-30 14:41:45.290112",2,search-opp-active-6542,011fff4d-fe43-41a4-bde7-41e932a72294,cb0c4ed3-6ce8-4432-9423-f6029eb01469,735a02ec-723c-475b-a8f7-c48f1352c2f9,c6d5a919-3a69-4714-a8b6-33c509a95481,NULL,6f863fcb-af1e-40f1-867d-805d69f6ce50,73eb9c9e-95cb-4245-a36a-b44eae3b70f7,bd0dcb91-5edb-4e69-a002-5313de12945c,2a1e1e2e-0f3f-41b7-b9fc-45a4dd77be5f,opportunity,"{"privacy":{"mode":"public"},"membership":{"policy":"open","trustedOrganizations":[]},"collaboration":{"inheritMembershipRights":true,"allowMembersToCreateSubspaces":false,"allowMembersToCreateCallouts":true}}",2
48,861a75cd-0c83-4879-9fe1-9e66bedfaf5d,"2022-12-23 10:33:15.571771","2024-04-30 14:41:43.490428",3,777-4152,fab2ab11-a479-4309-ad09-20b4532ada1a,6adbd684-0970-4ea2-b770-92f633d13e4f,0a6dc893-a00e-400e-aba0-bcf605994ec8,41a1f880-abe4-42a3-a3cf-647fa1b28d8b,0b3c029d-efa3-4963-a33d-81f979695207,e00dd20e-2f2b-4ed6-b3d7-99515d1ff5d1,b6e8f5c5-9b02-4261-ad69-c0f36d16abf3,96635d17-4deb-4db4-818f-99f84dfc00e6,4b37d4d1-d489-4d2b-9b53-4e90e58be45a,opportunity,"{"privacy":{"mode":"public"},"membership":{"policy":"open","trustedOrganizations":[]},"collaboration":{"inheritMembershipRights":true,"allowMembersToCreateSubspaces":false,"allowMembersToCreateCallouts":true}}",2
49,86361b16-f309-498a-a69f-bda1f76032bd,"2022-10-05 14:07:38.772850","2024-04-30 14:41:43.516422",3,opportunity-release--5180,9bb69a69-8c02-495e-bc21-54138339dce4,bc34d4c1-8be7-4277-98b3-4975dce2c86a,e49957e2-1f6f-4fc5-81a3-635210dcdcc2,13fe91bb-4406-433e-99fd-7b464744e8d1,c750c501-c26d-456c-a2bd-a1c646302879,81b95f16-3104-44d2-8d11-fc2f5dff1037,d159125b-b8e1-4040-b1f4-26b301f3cc61,7c48ff45-788f-477e-8ec6-2dc84803f5fd,d02eabd9-f6bc-49fe-bd93-8a2da953cbc6,opportunity,"{"privacy":{"mode":"public"},"membership":{"policy":"open","trustedOrganizations":[]},"collaboration":{"inheritMembershipRights":true,"allowMembersToCreateSubspaces":false,"allowMembersToCreateCallouts":true}}",2
50,86466d09-4887-4b21-8430-bbff4908523a,"2023-09-28 10:58:54.699209","2024-04-30 14:41:43.541978",3,release-28-09-2023-o-2128,c2247632-29f2-4937-b2a5-065e63ac592b,e4d4983f-17a1-407a-bb64-44ad7947a531,aa49fc05-7eb9-4426-91b0-ff332c0f9fc3,e590a296-9f47-47e5-9179-ed1731103c4b,913ee33f-2ef0-4b63-adce-51df54a37937,d25a9dee-150c-4e80-a8bd-3172549c2494,0211ae3d-cf8a-4ab6-b8c0-9908c05a9db6,179562d9-e335-4e44-8ed9-013f910da8b9,2ffc1c34-629b-4231-ae6b-1bea89787a9d,opportunity,"{"privacy":{"mode":"public"},"membership":{"policy":"open","trustedOrganizations":[]},"collaboration":{"inheritMembershipRights":true,"allowMembersToCreateSubspaces":false,"allowMembersToCreateCallouts":true}}",2
51,871225dc-0556-45ba-8d8a-cfba7af4bcf1,"2022-10-28 06:29:39.509813","2024-04-30 14:41:43.573753",3,opportunity-release--3293,79e89a9f-5162-447e-ab25-3865dfb65578,096e49cd-3ea3-4bdf-ae0b-777948e2bd88,2615cd6d-2839-49e7-9120-e8a631ba5bcc,441f15da-bfea-4b53-adf6-7426f478e9b8,4e14337d-15cd-4650-82a9-54328bcc2112,75abd91e-c64a-4084-97b1-45e3f880e70e,535a3b10-2fa1-4081-9071-0bd7ac7d8d30,78a18b95-122a-419e-89ae-f4ce04962185,c9886092-38c0-4fbb-a918-c32f4d9786a7,opportunity,"{"privacy":{"mode":"public"},"membership":{"policy":"open","trustedOrganizations":[]},"collaboration":{"inheritMembershipRights":true,"allowMembersToCreateSubspaces":false,"allowMembersToCreateCallouts":true}}",2
52,884d196a-e7d9-42eb-8ba3-4505ed97a2d3,"2023-08-31 08:45:54.204667","2024-04-30 14:41:43.610225",3,anotheropportunity-7061,b1539c6b-fde0-44f6-88d6-8aceec667b02,caecde43-9198-49cd-a439-0864df18186b,d80846c1-3a46-4049-80b9-3a900c3e097a,d2615d22-1c87-49b0-91bb-723fac80b4a6,caa8313e-135e-4467-9f4d-eabfffaf9936,e523df42-8732-4634-9f1e-0700674b67e9,15c688d1-7b3f-4871-b1db-9ba4126168ad,32bf8881-bf50-47f9-bd56-3fd540b9218f,ec922e89-c73b-4db3-9d0c-db257fa20876,opportunity,"{"privacy":{"mode":"public"},"membership":{"policy":"open","trustedOrganizations":[]},"collaboration":{"inheritMembershipRights":true,"allowMembersToCreateSubspaces":false,"allowMembersToCreateCallouts":true}}",2
53,8a311d53-f058-4e5b-abe4-edd9de52fa17,"2022-09-28 13:02:57.249710","2024-04-30 14:41:43.633977",3,dafault-opp,fce68d75-59fa-4c2c-8903-ea518c06d284,f0974f96-6c0e-4455-9e61-b99bcbbb3791,b633777e-8493-44a9-8b56-aa8d6cd307be,93565ec7-b495-43e8-9e33-517cfbd16ef3,ea1ad147-f34c-4aec-a7e7-1b25406db573,cadda09e-d268-4c9f-9188-5bd375d049a5,a50c4c4e-d44f-4e47-a3d1-586c3dcbe88c,c4afd66c-5a77-4a8e-8e1d-2dfeb0eae5e7,471fa51e-4931-413f-a20e-62d432dd6fbb,opportunity,"{"privacy":{"mode":"public"},"membership":{"policy":"open","trustedOrganizations":[]},"collaboration":{"inheritMembershipRights":true,"allowMembersToCreateSubspaces":false,"allowMembersToCreateCallouts":true}}",2
54,8bbd6195-68fb-4370-817d-5575e9915373,"2023-04-21 14:27:34.862817","2024-04-30 14:41:43.659056",3,release-21-04-23-opp-679,81670351-de9d-4fbd-a022-360a45af310d,02b81cf8-3ec0-458a-9e56-7590db72c4da,4ff8cfe5-2b94-466d-9347-465eaf8e61af,4ebfe829-618e-4838-87c0-5eb71decffd7,0c1c6cbe-a9b8-4c1a-bfb8-a52e72bdd4e4,eabd52b7-4fe7-4841-9c88-fa1662d6ef3e,20cf85ba-9a60-40f2-b43e-a53d23a06838,3d90ad18-551c-4681-8642-cd0e17186242,bd272140-6d7a-423f-b683-9b1d698ca6b6,opportunity,"{"privacy":{"mode":"public"},"membership":{"policy":"open","trustedOrganizations":[]},"collaboration":{"inheritMembershipRights":true,"allowMembersToCreateSubspaces":false,"allowMembersToCreateCallouts":true}}",2
122,8c8ca963-d10d-4ea8-8569-6c40e4840f89,"2024-04-08 10:29:30.660816","2024-04-30 14:41:45.480283",2,search-opp-public-3611,d50cd8a6-09e9-4e27-bc17-0882c8b33b50,ab500329-657d-4e42-bdcf-5afb58cfaf2f,32f499c8-bf6d-4a6a-9994-a56a8eea7521,db857497-7981-4b8a-968c-6018302f558a,a691877f-4d62-4e60-87f7-2c42215b3397,e3fe5cae-3b1d-4036-bd10-84adb2c57c81,531b4dd6-5e1e-4709-97e2-abdfb3fb9ae6,e682b9c0-12d5-4f73-ade8-6f463b99bc0b,36440b9f-9fb7-4828-8248-923107c4b1fe,opportunity,"{"privacy":{"mode":"public"},"membership":{"policy":"open","trustedOrganizations":[]},"collaboration":{"inheritMembershipRights":true,"allowMembersToCreateSubspaces":false,"allowMembersToCreateCallouts":true}}",2
99,8fd934c0-d68a-4757-9c23-16b7bd44df9d,"2023-12-05 15:20:39.698205","2024-04-30 14:41:44.886943",3,123321-2219,b48e740f-45f5-4c16-b521-ea3b1a6d1e32,b91a1146-9db0-4278-8677-5fd47cc4e4d3,ec435bdd-1f4f-49cb-832e-e65ad9c2b814,c3f63519-9f97-49b1-b25b-88bd1883f983,aa120d49-47ee-4db0-af11-13f14a42d8c4,16fd1932-a339-4185-a322-7ac7b627b3c5,b965a8d4-878c-42e3-93f8-7984c8789797,80a6ff45-cb5d-43f4-923e-edacc17a597f,58cd2311-ed21-4ad1-86cc-e722cecb937f,opportunity,"{"privacy":{"mode":"public"},"membership":{"policy":"open","trustedOrganizations":[]},"collaboration":{"inheritMembershipRights":true,"allowMembersToCreateSubspaces":false,"allowMembersToCreateCallouts":true}}",2
55,968fec9c-b3d0-42a8-b91e-9160dc35c9f9,"2023-07-11 15:12:52.015207","2024-04-30 14:41:43.682879",3,333-1755,9d9f71ae-0550-48a4-bfe7-d46f3a41fd12,3a765651-34d1-472c-a8d7-f642e887fdb1,577344a6-21cb-4ea7-8f0a-576e6ca77634,556aae41-65f3-4cdd-8588-3df975946c88,570dad00-eb6c-4620-9d9f-52eab48ff753,3493adb8-a371-4419-b5a7-afc17a6477b1,792dfd06-bd72-448c-82d2-5c4d4ddf85e6,38ec2973-a1b1-4dd4-b2e2-cb290e385991,f8637a68-2b10-472b-8f91-193c63751643,opportunity,"{"privacy":{"mode":"public"},"membership":{"policy":"open","trustedOrganizations":[]},"collaboration":{"inheritMembershipRights":true,"allowMembersToCreateSubspaces":false,"allowMembersToCreateCallouts":true}}",2
56,979123f8-3e96-4c3a-975b-74eaf606e013,"2023-08-31 11:50:47.837546","2024-04-30 14:41:43.713824",3,release-30-08-2023-o-6075,b4a2094b-60aa-47c3-b974-228f1af6bed3,81533f52-be3d-4f1a-b359-f27092558712,7b8ffe07-a0a1-4537-86bd-6aaada3d9354,d8962364-b009-4d82-b126-5852c1b52954,4ccd3004-9435-482b-959b-3ab8225f1f1e,1429123f-6862-4fb5-a988-e9b911406c1b,fa3ac395-eeaa-47d9-b113-e0077b45aeee,616f9cce-dec1-492e-9b3a-355d481f80ea,3671c3e7-8dd7-459a-a536-135ec1ae1d6c,opportunity,"{"privacy":{"mode":"public"},"membership":{"policy":"open","trustedOrganizations":[]},"collaboration":{"inheritMembershipRights":true,"allowMembersToCreateSubspaces":false,"allowMembersToCreateCallouts":true}}",2
57,9d234a56-dc32-462f-9786-f7571d31b196,"2023-07-28 08:24:12.539132","2024-04-30 14:41:43.737813",3,changetemplate-6186,7f124f94-c3d6-40be-9b67-9bb66c9a177f,7af0faaf-5e2e-4af1-a596-01aa74037f64,74e4b168-9258-4d55-b757-2ffa2571fde0,d9629a5c-e1d4-4d62-8192-da394523bd10,1a1b3643-7af3-4273-9ee6-32d6639e0857,739f5727-b655-4100-a1d6-82e09a551596,88f41cef-bd42-47af-a751-fd78eb18dbd1,e8537c41-506f-40b0-b319-245100f8b876,89b950ad-9cbb-4499-9b4e-ca10e3b631d8,opportunity,"{"privacy":{"mode":"public"},"membership":{"policy":"open","trustedOrganizations":[]},"collaboration":{"inheritMembershipRights":true,"allowMembersToCreateSubspaces":false,"allowMembersToCreateCallouts":true}}",2
58,a2d5fd4e-e0c3-4cab-89f6-3952c3e2dfe9,"2023-08-22 10:22:00.262531","2024-04-30 14:41:43.772201",3,test-opp-01-672,323e020e-9c93-4ed5-ada4-6c66197fde77,4ca75194-9fd9-425b-89fa-c144fd9d2652,e2394c77-3140-45fc-a78c-c4cadeb6fee5,79c0f35d-9175-43da-ae5d-a8cbf2aa6389,dae57a3c-5fa7-4be4-ac1a-bcdf52868d40,1419c140-b10f-4076-a002-a3acd4af6e94,6b0dccb5-0e00-40f9-9706-625c0e332c18,c6439beb-a638-4013-b653-ce6a78a4fc14,760673f9-7ddd-4cde-8e5a-7ffe7ed35d5e,opportunity,"{"privacy":{"mode":"public"},"membership":{"policy":"open","trustedOrganizations":[]},"collaboration":{"inheritMembershipRights":true,"allowMembersToCreateSubspaces":false,"allowMembersToCreateCallouts":true}}",2
59,a2d971d9-73b3-44be-8d6f-22a0c3f7e489,"2022-07-13 14:23:26.358792","2024-04-30 14:41:43.799447",3,rural,51b33f96-b867-4cac-bf16-40b30425c950,1194b91f-1166-45eb-9aea-9558c09c9b01,9ca8da54-7346-435d-bf49-bf19530a42f3,cd905cca-dfc3-4efb-9131-8772078b9ff6,41c58946-9b3f-4b24-9ec1-764733d77456,cb223b3a-607f-4c71-bae1-9fd40463687b,2691fa2c-2ea4-44bc-b26f-3596d12366b8,38df3a32-89eb-4289-b0d1-bd5204b90226,202a2301-5e6a-43ab-a65c-cbcaa3a41461,opportunity,"{"privacy":{"mode":"public"},"membership":{"policy":"open","trustedOrganizations":[]},"collaboration":{"inheritMembershipRights":true,"allowMembersToCreateSubspaces":false,"allowMembersToCreateCallouts":true}}",2
121,a34e7cb2-82e5-4a9d-9dc3-520083b34b4f,"2024-04-08 10:19:00.676678","2024-04-30 14:41:45.448144",2,search-opportunity-a-4151,baf3d84d-1c52-4be2-b8ab-14a8157327cb,9a4b684c-9357-4362-a317-958bbc538ade,54cb1abc-14f7-4230-9514-7c07642b79fd,863e8f81-27f8-4470-a8de-39dd0e535129,8f84ffea-4f22-4dd4-a220-bb0fdb8dd58f,75f3fc73-1935-4f9b-9dec-a31b8c694487,d2d485ed-60c4-4815-9dcd-b1f36a23405f,4ed3afec-f4ae-4a91-80a3-5d194fc5aa11,756d52ec-775d-4be7-9146-307a107a84cd,opportunity,"{"privacy":{"mode":"public"},"membership":{"policy":"open","trustedOrganizations":[]},"collaboration":{"inheritMembershipRights":true,"allowMembersToCreateSubspaces":false,"allowMembersToCreateCallouts":true}}",2
104,a493c4fa-6783-40fd-ba32-5860dfd9dbc7,"2024-03-01 12:53:53.438192","2024-04-30 14:41:45.021029",3,oppoerunity-01-02-24-2705,31abfb4e-932b-4ad6-97af-44b6abe41e45,4cfb6ded-6980-46e8-ab39-e46b64fe7e61,1ef1e890-05c7-41e2-8ade-dad4b4cb0cdc,652dc977-2a89-43f7-8024-065199e866f9,f3904bdf-fc8e-4b51-a591-e28181bb7c0b,f2eb8d60-3f8b-4916-a799-263742a93738,1ac87ac2-3e02-4227-9156-0acb0cc76f62,fd2d9a79-c530-4a83-9b5b-b678e8a5566a,abe1d483-1150-4a46-ab46-4622da39cdb7,opportunity,"{"privacy":{"mode":"public"},"membership":{"policy":"open","trustedOrganizations":[]},"collaboration":{"inheritMembershipRights":true,"allowMembersToCreateSubspaces":false,"allowMembersToCreateCallouts":true}}",2
60,a8e1f120-92ac-4642-9b39-6744148448fd,"2023-08-21 12:07:56.449305","2024-04-30 14:41:43.823972",3,checkcontribute-6152,3a33f3f2-c944-4670-9356-b9e31b54be02,f7cd347f-7db2-4635-b840-30bfe5289688,65ac9d45-ab1b-45a3-bb68-4f52f70d2ef9,c0db1d1d-d743-4b31-b47a-8b9bcc789650,c9cc9550-41c8-4a45-8d3d-c77fa17860a4,6e6fe6ce-9828-4d5d-bbf8-0f0bbfca3578,e5a3cc1e-2017-4c42-8bd7-987c0fccfd4f,3b23e9cf-da9e-484c-899b-b58f902f3ec0,bd272140-6d7a-423f-b683-9b1d698ca6b6,opportunity,"{"privacy":{"mode":"public"},"membership":{"policy":"open","trustedOrganizations":[]},"collaboration":{"inheritMembershipRights":true,"allowMembersToCreateSubspaces":false,"allowMembersToCreateCallouts":true}}",2
119,ae0bec9a-9809-4b67-b2a6-ce7160d91bb7,"2024-04-08 10:04:44.353114","2024-04-30 14:41:45.393994",3,search-opportunity-d-1043,618066a3-6b06-457a-a1f0-f65b3368a51b,5a301183-09a2-4285-aea2-a8b22c0a7b76,c65eefcb-e792-4dc9-94c7-10d746e2cea1,0b8c6692-27ca-46b4-9b3b-251a121a5987,NULL,daa7d808-c238-4276-8ffb-b6f131f178bb,cc9a097f-8073-401d-be2c-768409a5c2c8,b761613c-0415-424f-88d0-f4c567bbcd28,a83b9661-fa4a-40ab-b5c3-3e33a5ab323c,opportunity,"{"privacy":{"mode":"public"},"membership":{"policy":"open","trustedOrganizations":[]},"collaboration":{"inheritMembershipRights":true,"allowMembersToCreateSubspaces":false,"allowMembersToCreateCallouts":true}}",2
61,ae654d46-64b0-4988-b491-b4f5da5f8251,"2023-08-04 09:50:47.424681","2024-04-30 14:41:43.849644",3,release-03-08-23-opp-1058,d71fdc5d-2527-4f01-8271-d0b69eace089,b3235d2e-b776-4f5f-9f80-5c70f15426f8,2c1b025f-3d2b-44b3-a1b4-0243a2c0ce96,f2edde34-68a0-4c51-962c-dc882be6e390,aedd148f-3394-405b-9bb1-ed719bab49bd,cc3af6bb-5c63-4814-a33e-0da7ee9ac7e7,e342a941-421e-4583-9a2e-f3d1d7967dfc,60696aac-3136-444e-bedd-15a6df720e3e,be639d2f-afbb-4fa7-8785-b420521633dc,opportunity,"{"privacy":{"mode":"public"},"membership":{"policy":"open","trustedOrganizations":[]},"collaboration":{"inheritMembershipRights":true,"allowMembersToCreateSubspaces":false,"allowMembersToCreateCallouts":true}}",2
62,b45621f6-cfe2-459a-aa8c-11c9fe1b7685,"2022-09-26 06:56:48.405050","2024-04-30 14:41:43.876382",3,opp-release-26-09-2022,af4a597b-aa39-40d2-90ed-6c10e9c2e33c,c01697d1-7c94-40cc-ac43-9465b10f40aa,cf44ff80-05d7-4e42-bdc0-fd7e677096ed,13f9cc17-2fa5-4914-9afe-5323cd2c3ab6,fb723e3d-d640-4091-8f15-5238e24e1aef,310be098-e581-4af4-8b63-14f066362086,ac0e795b-3691-40c3-b189-44501eac13b1,aa600700-fd43-4022-b937-c526523bc102,4a2c9cdd-4cb8-49b6-a954-6b1ab8417800,opportunity,"{"privacy":{"mode":"public"},"membership":{"policy":"open","trustedOrganizations":[]},"collaboration":{"inheritMembershipRights":true,"allowMembersToCreateSubspaces":false,"allowMembersToCreateCallouts":true}}",2
63,b4cd1898-0cd7-44da-a078-b530c3756660,"2023-07-11 14:58:55.138860","2024-04-30 14:41:43.912072",3,111-6909,70698aa4-ec9a-4e51-8f10-cb0963170191,056dcaa9-d0fc-408f-a515-10fc0ca882a2,a869b91e-ef4e-487b-a51e-cca672fb5841,ecf76a0b-8185-412d-b539-1746128e4df7,a1958a23-758b-4ae5-8db1-3bc2c155de5e,fd070059-fcd1-46c3-af78-82244ab94685,966d6ad6-28dc-40d5-bad9-623546bdf841,bd126bc5-d1a6-4515-a907-ab1ae80fc0e6,f8637a68-2b10-472b-8f91-193c63751643,opportunity,"{"privacy":{"mode":"public"},"membership":{"policy":"open","trustedOrganizations":[]},"collaboration":{"inheritMembershipRights":true,"allowMembersToCreateSubspaces":false,"allowMembersToCreateCallouts":true}}",2
102,b517c35f-0d28-46e7-8532-0f425ef466c9,"2024-02-09 14:22:35.198413","2024-04-30 14:41:44.974756",3,cloned1-opp1,01f5d1ac-6b67-44f4-bd9d-069b0b4c542b,1e2171ce-bd30-437c-8afd-ae5a68cb2c5c,9bdfb0bc-1d2c-4175-8a47-04e2e293fc05,95c95129-85b0-4d2f-bd26-bc5a344d6fbd,3aca1587-ad9e-4ed0-ad21-806f80664f9c,833d17c1-6d22-45cd-96fb-5e8377ae2225,556d50b5-decc-4840-a5d0-c1108f3503b5,91bc0293-5f09-49dc-8d58-589a733cd48e,c1f152dc-54b9-49a4-99db-517b3f5f53a9,opportunity,"{"privacy":{"mode":"public"},"membership":{"policy":"open","trustedOrganizations":[]},"collaboration":{"inheritMembershipRights":true,"allowMembersToCreateSubspaces":false,"allowMembersToCreateCallouts":true}}",2
64,b80e4c06-88c0-4aab-8be3-828dab1fcf4c,"2022-07-13 14:24:28.295376","2024-04-30 14:41:43.934884",3,atmosphere,3fc8af04-6e4b-4589-ab89-4ca242886e3d,c279a3b6-fe8b-44e6-b443-069e1473f714,2f3839b6-8804-4c0b-bfce-c0fb2618f2cf,86cd8365-ee15-4a32-9ff4-61cae5a3c61c,33294520-418b-4717-966d-2a1718c96768,11a08dad-7a0a-4772-b388-6226b1662776,ec143b2c-df82-4137-8b91-a686001ee09b,d54907a1-a566-4c2e-b7c3-7c93e9c97476,202a2301-5e6a-43ab-a65c-cbcaa3a41461,opportunity,"{"privacy":{"mode":"public"},"membership":{"policy":"open","trustedOrganizations":[]},"collaboration":{"inheritMembershipRights":true,"allowMembersToCreateSubspaces":false,"allowMembersToCreateCallouts":true}}",2
65,b9b15ce4-d700-4ea6-89d5-2ffc41cb3cdc,"2023-08-16 12:47:00.082334","2024-04-30 14:41:43.958652",3,release-16-08-2023-o-6083,587d799d-2fe3-4713-a05e-03eeea6b12fc,33b35333-04f9-44aa-9184-1ad08019a647,04d3fd76-9796-4479-8a71-3f12411b1af2,fe7d44e3-5ad5-4f16-99e5-91dd096e0a36,d41af930-e2cf-4c4a-ab07-4a206e02f30e,9ec2027a-ad41-4fe8-b380-965505ef8447,13611438-e969-4bdf-8ddd-35f28d12c1ec,78cedb99-0d0c-45fb-ae6c-e06469b6908f,b0ade88f-19f8-4857-a6d5-460f0f52ed32,opportunity,"{"privacy":{"mode":"public"},"membership":{"policy":"open","trustedOrganizations":[]},"collaboration":{"inheritMembershipRights":true,"allowMembersToCreateSubspaces":false,"allowMembersToCreateCallouts":true}}",2
66,b9c13100-0bc9-49bc-b49e-befa294e6881,"2023-07-14 12:36:57.049250","2024-04-30 14:41:43.981187",3,op1-2037,d8207915-0a7c-4b1a-9bc0-eabcbeb4b833,cba2672d-aadd-4560-9d06-8254915caac4,c76a790d-a264-4f8d-ba58-a52aa2cc4129,cf554e67-3e70-4d1d-b005-43e74160d09d,ae3360c0-d7ab-4eb5-b353-b3610042dca8,cc4cd650-a38f-4ae7-b293-30231bd134d8,20299c3c-34bf-44bc-93cb-620fb306ef73,1587d5fe-ac73-4d80-acbf-e754b3b80b13,950a7544-501e-4e8f-9252-8c48903c64e0,opportunity,"{"privacy":{"mode":"public"},"membership":{"policy":"open","trustedOrganizations":[]},"collaboration":{"inheritMembershipRights":true,"allowMembersToCreateSubspaces":false,"allowMembersToCreateCallouts":true}}",2
67,bc886167-0691-4e5b-8541-1fa5594665aa,"2023-02-16 14:54:07.978043","2024-04-30 14:41:44.009583",3,release-16-02-2023-o-2627,86f2a50e-7a8c-4d4b-8f84-3ee138b3592f,6ff01336-1b12-4b1d-b783-c0f2f5e16511,2bcd2550-9122-4d29-b8a8-710641f03a51,f3c1d6f0-b357-45f6-81f9-cab7e1f07c33,cfd6ccf6-1883-445a-903f-efd2793ce6ef,681c1d18-e314-4d56-b587-ca9186867915,79685ac8-c027-42ce-8456-5b674ddc1a46,7b56b1f9-622f-425e-9c40-5c4a89bf95d2,0b8aa6cc-65c4-49f0-9a2b-4af03036bb12,opportunity,"{"privacy":{"mode":"public"},"membership":{"policy":"open","trustedOrganizations":[]},"collaboration":{"inheritMembershipRights":true,"allowMembersToCreateSubspaces":false,"allowMembersToCreateCallouts":true}}",2
68,bdf1f170-f539-44a3-9930-a3636701a160,"2022-12-22 19:32:16.246688","2024-04-30 14:41:44.033960",3,chal-release-23-12-2-6973,91d786f7-d272-4efc-b058-c150cb3a575c,63624827-e57e-44f4-ac30-85717bc0ada8,41cebf90-4aae-4c1d-838e-a3c805ff1b2f,afecdc67-8527-42fc-a978-be6b785e939e,89df111c-1129-481e-9b43-e12f76d111e0,2b3bd447-df94-4351-9c3a-b893249c8021,aada9039-9fe4-410b-8941-5d1d333c3b61,d3df72b9-92dd-4bb3-8ce3-109a7dbb606f,4b37d4d1-d489-4d2b-9b53-4e90e58be45a,opportunity,"{"privacy":{"mode":"public"},"membership":{"policy":"open","trustedOrganizations":[]},"collaboration":{"inheritMembershipRights":true,"allowMembersToCreateSubspaces":false,"allowMembersToCreateCallouts":true}}",2
69,c3a21510-9505-44db-a31b-eb3707d58133,"2023-03-21 13:46:14.166650","2024-04-30 14:41:44.059877",3,release-21-03-23-opp-9715,3f3e7ca6-ac39-4711-a717-8c4247ebd716,6e04c033-7f29-45b3-ae4e-d276602835f2,bc1ff8cb-0a27-4673-8b79-d038b7fd5180,b3e26827-214f-413a-9791-6da20be63578,250fc494-8e8b-4003-892a-beefcc542c8d,713845f4-c4c8-463f-a62d-8cf6d1ebb36d,62364b30-5ed5-417e-af8b-1322c0e45d06,0461a256-1200-4e44-82c7-0af592d85843,141912f4-5304-43de-ae27-93132f295277,opportunity,"{"privacy":{"mode":"public"},"membership":{"policy":"open","trustedOrganizations":[]},"collaboration":{"inheritMembershipRights":true,"allowMembersToCreateSubspaces":false,"allowMembersToCreateCallouts":true}}",2
70,c3f5b819-5895-47c5-9c81-d64eba446567,"2023-08-16 15:59:19.211776","2024-04-30 14:41:44.088158",3,opportunityfromrel-1493,72b821c0-9290-4433-ba51-28c6f96046fd,e88873f1-e6f8-4e04-b303-fbbdbc1bcc7b,675b3829-add7-4695-a669-2c7162b7083c,23f5c163-93bd-4588-bafa-0857e5a9dee8,aedd148f-3394-405b-9bb1-ed719bab49bd,a964a8bc-97f5-4d9d-9025-ba0d639b8a26,74051a54-9581-4d02-8ae0-970a6b2da248,49e13b42-cf6e-472b-b28b-a804f8c2ed84,be639d2f-afbb-4fa7-8785-b420521633dc,opportunity,"{"privacy":{"mode":"public"},"membership":{"policy":"open","trustedOrganizations":[]},"collaboration":{"inheritMembershipRights":true,"allowMembersToCreateSubspaces":false,"allowMembersToCreateCallouts":true}}",2
71,c537001a-fbfa-4322-bfb0-4bb5d0e114b7,"2023-07-28 12:13:24.099140","2024-04-30 14:41:44.114425",3,release-27-07-2023-o-8389,65028071-88ce-486e-838b-09d98e404605,6299692f-50b0-4bca-bc4f-a1fb440c5608,64ea1e00-9d45-4ed8-a71d-e9457f46afee,9e11490f-cf55-40cc-82dc-0c6c066505ac,1a1b3643-7af3-4273-9ee6-32d6639e0857,2a688cc5-14c4-4d49-928d-3d557e657a78,d4966fde-43b8-4c4c-b961-c3f174b1505a,3e5f9f2e-ab80-4bd4-b3e1-79c1fcbb0abd,89b950ad-9cbb-4499-9b4e-ca10e3b631d8,opportunity,"{"privacy":{"mode":"public"},"membership":{"policy":"open","trustedOrganizations":[]},"collaboration":{"inheritMembershipRights":true,"allowMembersToCreateSubspaces":false,"allowMembersToCreateCallouts":true}}",2
72,c66f20e6-2f2c-4bdb-b032-b806f3dc4f34,"2023-07-19 11:39:13.243157","2024-04-30 14:41:44.142371",3,opp-default-flow-tem-1026,1455ba09-4223-400f-965c-21ede6281a3d,06ee1ed1-9ada-4c48-bf4f-2b7e954515b4,748b868b-0b9c-4bc6-b37d-ec36e2467047,bfcef8e6-5d7d-4043-8cb5-12b9fdba9fc6,ee037a0b-bd94-475e-aee2-c0cd4e135cfd,6dff58ec-d6d6-43e9-b72c-7e5f4552b432,30bcd5ae-d806-4695-bbac-45275b132413,fe2c3f0c-7367-4cd3-ac5a-ce29199e89fb,413176bb-3b54-41f9-8cab-deabf9b57b59,opportunity,"{"privacy":{"mode":"public"},"membership":{"policy":"open","trustedOrganizations":[]},"collaboration":{"inheritMembershipRights":true,"allowMembersToCreateSubspaces":false,"allowMembersToCreateCallouts":true}}",2
73,c8a0c17c-8fb5-47d3-9b88-a0e5a6fbec02,"2023-07-19 11:40:29.256047","2024-04-30 14:41:44.166953",3,opp-definieren-flow--4146,c63e00a1-0890-4d46-9f81-2f9aeb5052ac,7f012385-8960-4e94-85a9-2a49120537ef,a17c0c15-03ac-4904-b171-ca1c750bbd04,b674a556-330a-45a3-8d0b-9af1df064d98,ee037a0b-bd94-475e-aee2-c0cd4e135cfd,8fcef934-39ff-4c93-b33f-74b9d5586590,878654c1-876b-4421-a687-afe626d5bb9d,37904a32-b829-4718-9992-0c5a147b2fa9,413176bb-3b54-41f9-8cab-deabf9b57b59,opportunity,"{"privacy":{"mode":"public"},"membership":{"policy":"open","trustedOrganizations":[]},"collaboration":{"inheritMembershipRights":true,"allowMembersToCreateSubspaces":false,"allowMembersToCreateCallouts":true}}",2
74,d0573c5f-f8a3-48b6-a533-688cb406ba6a,"2023-09-20 10:02:53.881444","2024-04-30 14:41:44.194761",3,opportunity-20-09-23-2907,f96f923f-0ca4-4c92-849a-93d7bfbbae76,c975744e-c0c2-44ae-95f9-585a6c5ac39a,2b62cae2-2782-4c2e-ab28-54d7fd59840e,af5f685a-bd9f-4e70-b881-e88902d05e97,068eece4-aeb5-48d2-abf5-5062d91a500a,a4651683-d74a-4cf3-ab0f-48c1d14630cd,1be16e01-1e01-4adf-951f-805f86f3e1f8,e91e19dc-2e0d-4138-9cb9-56f57872ddb1,7b2f50ae-25c1-4470-9d51-68c41b6260d0,opportunity,"{"privacy":{"mode":"public"},"membership":{"policy":"open","trustedOrganizations":[]},"collaboration":{"inheritMembershipRights":true,"allowMembersToCreateSubspaces":false,"allowMembersToCreateCallouts":true}}",2
75,d8796d6d-f4ce-49e5-b74a-4f06c1628909,"2023-05-15 11:08:52.109753","2024-04-30 14:41:44.224361",3,matrix-synapse-oppor-427,3a05742f-f1ff-471b-b5e9-f099a08c8201,cc951721-fa38-4a6a-80bb-7200e0f54144,6ef1e4fd-9005-4697-b98c-3c3e77c48f50,8d451343-ba13-45b0-9885-ea9bd0cbaef0,b3af0ba3-9583-430e-810c-bfdc6a5067cb,80e3df3b-f425-4d1f-b58d-baafab49ab1a,8e343a21-fc34-4481-be4e-2df4d8b75c90,0d8974a5-7a15-4ef2-bf03-0366ef70ce8b,4e1947c1-1bb3-4889-bf0d-58d8708b77fa,opportunity,"{"privacy":{"mode":"public"},"membership":{"policy":"open","trustedOrganizations":[]},"collaboration":{"inheritMembershipRights":true,"allowMembersToCreateSubspaces":false,"allowMembersToCreateCallouts":true}}",2
76,d888283a-75cb-4900-9b36-824dd3405df6,"2023-02-02 12:10:39.091520","2024-04-30 14:41:44.253578",3,12321-3638,4ad3d6f4-e808-4bf9-b30b-b5b8e9e44d33,c26df686-79ff-4a44-96d7-5526f98479d5,d0a0d54b-5036-4b65-8773-57c13d8ac7c0,f1756767-121d-4277-81bc-a20ee07a2b41,c981525a-5635-4524-b786-11ef45bfd1c8,29ca2761-3a91-4439-b0d2-3cecf286601b,1abcef97-8f76-4369-a5af-e9b161cde4b1,7e7345a7-3c35-49d3-b956-63a44d3a77a8,25a924ac-c670-4602-8e39-a84d34b76a6d,opportunity,"{"privacy":{"mode":"public"},"membership":{"policy":"open","trustedOrganizations":[]},"collaboration":{"inheritMembershipRights":true,"allowMembersToCreateSubspaces":false,"allowMembersToCreateCallouts":true}}",2
77,d94555a8-b4c5-477d-ae53-44ef94c7a21b,"2023-01-26 14:11:09.751622","2024-04-30 14:41:44.281392",3,andportunity-487,23cfc6ae-dab7-4bf4-8f8f-c9c48feb4a65,59edf573-dd7a-49e8-a697-5769bb3c2768,848276ae-7eb4-4cfd-9b44-c634c3b87ecc,d32090c5-a884-4062-8e05-dbd045495771,c412f3a8-7dab-4d57-ab40-7c53d6d2798a,9b9f0d69-67fe-40cf-9493-6ce3d4be67a6,0e0414a0-23a2-4543-8bc5-9b8557f5bb89,c81d2d77-bb7a-4ea5-8b36-3c55eb49d501,85b8ff5f-7da5-4fcc-bdff-3e93a59c5d67,opportunity,"{"privacy":{"mode":"public"},"membership":{"policy":"open","trustedOrganizations":[]},"collaboration":{"inheritMembershipRights":true,"allowMembersToCreateSubspaces":false,"allowMembersToCreateCallouts":true}}",2
107,db67c5c1-2b88-4820-a8d0-893e409ad2b4,"2024-03-07 09:24:36.808493","2024-04-30 14:41:45.096227",3,release-07-03-2024-o-5754,cc7a5033-8b71-4d7b-8f80-052cad61a49e,af503555-e3d5-4905-8660-8b6af9b4e3d3,e3579dbe-6f03-494f-80fe-a23e4a484963,10a5d323-32c8-4ed6-87a2-925f1ba6f20d,41b43ecb-f31c-4570-a196-68a1a25eb354,9810826b-9314-440b-854a-bfb0eede510e,aa98e9a3-7bfb-4717-9728-ea1daaf20a69,91a513a3-742b-497f-863d-5e944e9d3bd3,675cd823-5d68-43a5-8260-70353172140a,opportunity,"{"privacy":{"mode":"public"},"membership":{"policy":"open","trustedOrganizations":[]},"collaboration":{"inheritMembershipRights":true,"allowMembersToCreateSubspaces":false,"allowMembersToCreateCallouts":true}}",2
78,dca2a5b3-d140-4eae-bd0c-9a9bb0c7a7c9,"2023-03-01 16:39:09.992127","2024-04-30 14:41:44.307196",3,release-01-03-2023o-7980,4ffa2613-9f59-43c7-ac0c-587e59b1e8dc,b1fa1023-2254-4b6d-8659-d3dc8acc5252,47c01fac-dab6-4e7e-83a9-87070adc4b30,ff166edc-2fdb-4462-aa59-abc78b423345,da09973d-4684-47f4-94ff-2b19b31e001b,2bb4c788-ba1b-4aae-a2c6-cdf22bd2e2fc,c05e34d6-4e90-4819-ad15-590258b687fe,befc821f-6738-4af7-9bdd-59ac166363b2,d2fd58ee-7214-41e4-a1fb-c4c6efe16d55,opportunity,"{"privacy":{"mode":"public"},"membership":{"policy":"open","trustedOrganizations":[]},"collaboration":{"inheritMembershipRights":true,"allowMembersToCreateSubspaces":false,"allowMembersToCreateCallouts":true}}",2
79,dd68c161-31ff-49fe-9e0e-38c6e240e841,"2023-08-31 09:29:26.006022","2024-04-30 14:41:44.345936",3,111-1410,55dcfcc9-9a8b-4a8b-8dcf-76acea13ad00,f41770a0-9a34-403a-b243-6ea313e9e6b0,e31316a0-c4da-402a-84bb-8ddfca53279c,79ea07ea-df8d-46ca-a519-a725d7874af1,caa8313e-135e-4467-9f4d-eabfffaf9936,e0bd0213-a826-40e6-9c5f-deab80df3348,4363c62d-d241-4468-bdfd-27a96a49c77c,9b388f35-8ff6-45b5-874f-c773aaeef1ee,ec922e89-c73b-4db3-9d0c-db257fa20876,opportunity,"{"privacy":{"mode":"public"},"membership":{"policy":"open","trustedOrganizations":[]},"collaboration":{"inheritMembershipRights":true,"allowMembersToCreateSubspaces":false,"allowMembersToCreateCallouts":true}}",2
80,e1283e68-2013-453d-9065-45998ef1fd83,"2023-06-27 13:50:52.912153","2024-04-30 14:41:44.374614",3,opportunity1-7651,25e37ce4-65cd-4433-bd3b-05f5940a14f8,93f1d036-8583-4920-a180-64c036eb550c,2f7dc812-c91b-4b6d-ab39-906ef1cfa2b5,cb96eb18-4cc9-4914-803c-25e03220e203,313b9998-0e1e-4609-84d3-e3d69277f070,922edfa2-df05-40b4-b2e3-af475ea9e3bb,a6695f4f-3b7d-4aa2-a80f-f10b3000aeb0,ea2a723c-c7d3-4377-ae2a-47e8172cf5ec,6f40437d-723f-46ba-8d48-234e6878c6a7,opportunity,"{"privacy":{"mode":"public"},"membership":{"policy":"open","trustedOrganizations":[]},"collaboration":{"inheritMembershipRights":true,"allowMembersToCreateSubspaces":false,"allowMembersToCreateCallouts":true}}",2
108,e2a5570e-3bc2-41d3-81a0-e26cf573aff6,"2024-03-07 09:24:43.005782","2024-04-30 14:41:45.121378",4,release-07-03-2024-o-9400,ede65090-a023-4dd2-8c24-6aa9eb81f9f6,98c356dd-372b-4279-96a2-b958bac67ae5,344216fb-b168-4a84-8ff3-6583d2e7d418,043b3a63-6645-4b48-993f-4b68df9308e2,NULL,7b3c7f07-5c0c-4ba2-a6d2-e0fb8a8ebebd,a69e7b3b-fd4a-4129-b16d-3de30785a9ab,3b9d4765-11a7-4c5d-9664-9be212038c57,675cd823-5d68-43a5-8260-70353172140a,opportunity,"{"privacy":{"mode":"public"},"membership":{"policy":"open","trustedOrganizations":[]},"collaboration":{"inheritMembershipRights":true,"allowMembersToCreateSubspaces":false,"allowMembersToCreateCallouts":true}}",2
81,e2eddad4-39fd-4ef9-9faf-18d7c248ca54,"2022-10-28 14:19:14.211322","2024-04-30 14:41:44.413899",3,checksubs-9271,9c951f80-b608-48f1-9694-8e1510112a52,faf75399-28dd-4d15-bac7-6acbf44154dd,0ac26964-650e-4df3-bb2c-6eff8bce4f0d,e8767efe-2d8a-45d2-b2ef-520aed0c17c9,4e14337d-15cd-4650-82a9-54328bcc2112,07611762-bc25-41dc-b208-9aed9659c2f5,a9be33d7-1773-4c00-8824-6fb71c5d808e,a2256c01-ba95-4fb5-ac19-5d03331efcb3,c9886092-38c0-4fbb-a918-c32f4d9786a7,opportunity,"{"privacy":{"mode":"public"},"membership":{"policy":"open","trustedOrganizations":[]},"collaboration":{"inheritMembershipRights":true,"allowMembersToCreateSubspaces":false,"allowMembersToCreateCallouts":true}}",2
82,e6866487-4305-4de7-a85f-50008e40aed5,"2023-05-17 16:10:48.235921","2024-04-30 14:41:44.442385",3,opportunity-17-05-20-9417,775c60ab-fbaa-4673-bab2-6420bd2d51dc,45d9a70a-b680-40fa-a01f-9afb383900a2,a432cd86-24df-41d0-94a1-642216848b1e,3f26f53b-595b-42e2-ade2-d752487a98e2,b5bc8f22-888e-4de9-8420-345ed3edb900,7c6e4258-900e-42ed-b282-5d1cff2c30cf,d6dc9bbc-61f0-495b-8554-5dfe454cff3c,4594322a-dbe8-473c-919e-d3fc082a9604,3a3c6377-42d4-4e6f-919e-00a0f0c40b44,opportunity,"{"privacy":{"mode":"public"},"membership":{"policy":"open","trustedOrganizations":[]},"collaboration":{"inheritMembershipRights":true,"allowMembersToCreateSubspaces":false,"allowMembersToCreateCallouts":true}}",2
83,e7076571-d063-4a85-80bd-07ca8ccfac4a,"2023-07-19 11:43:58.748123","2024-04-30 14:41:44.468619",3,opp-exploreren-flow--4225,3c579189-f253-4824-83fb-dff872dcb553,da8253b5-47fc-4883-a233-eb0fd1484885,db9b6943-8e35-4047-8249-5a671ef6c6b5,f257b8cc-8e42-42e9-8eff-4c1017f15de3,e780ff32-883c-43cb-8a0b-a13de9e12af0,1001333d-a23a-4fa2-b8da-56c2ee4c76c8,0238fa95-b338-4342-8736-4c53c6aece6a,e55dd226-6ace-4306-9862-f9a8516cf2c0,413176bb-3b54-41f9-8cab-deabf9b57b59,opportunity,"{"privacy":{"mode":"public"},"membership":{"policy":"open","trustedOrganizations":[]},"collaboration":{"inheritMembershipRights":true,"allowMembersToCreateSubspaces":false,"allowMembersToCreateCallouts":true}}",2
84,e777bfd6-f061-4494-be5a-41d5abb33d56,"2023-07-11 12:00:57.651447","2024-04-30 14:41:44.492861",3,release-11-07-2023-o-4862,1d5e9aab-cb70-4ed2-a565-153da320003d,b6ad5328-b99b-4ac3-817d-ce84ac6f5b18,0fb027db-38f9-42e7-92f5-431be5b205d1,6bd81a9f-4bf4-4f84-b569-adf184222316,ab5093c9-1302-4513-a5d5-82df0ea96a76,c19d555e-c70f-4c7a-8f43-e51e507eadde,f34614f7-64d1-4c4d-b135-99c76f800af5,1112b6fe-8499-4036-bf95-33888a1bf39d,e7d3b3f4-bec5-4e3f-b8ef-177a8076ff74,opportunity,"{"privacy":{"mode":"public"},"membership":{"policy":"open","trustedOrganizations":[]},"collaboration":{"inheritMembershipRights":true,"allowMembersToCreateSubspaces":false,"allowMembersToCreateCallouts":true}}",2
85,e7ebdd8d-a4ba-4e0f-a2fc-7f5ac5488561,"2023-08-30 14:47:12.427258","2024-04-30 14:41:44.518359",3,234234-6573,0f364147-a6ca-4e64-a6b1-8ec474eacf6c,40d5aa29-e07b-4d62-86e5-3fe7e9eaa0d5,0c62ff6e-8abd-433b-84f8-1e44c352a478,6f3e2122-eb8c-45f8-9152-b2ec4e188827,fd802435-dd55-42e2-8f68-be0302bb5e51,04f14873-ead7-4224-89fa-a50db0f6cbbe,2ea443f4-bfc9-4e17-aef5-975762464d7b,663d08ec-1287-4836-9b03-01a1b071e1c1,06280ace-46d4-4aca-adeb-e7a3143753b6,opportunity,"{"privacy":{"mode":"public"},"membership":{"policy":"open","trustedOrganizations":[]},"collaboration":{"inheritMembershipRights":true,"allowMembersToCreateSubspaces":false,"allowMembersToCreateCallouts":true}}",2
86,e9d83ce4-9ae3-46a2-9815-31bdb20c7d0f,"2022-09-15 13:19:10.204632","2024-04-30 14:41:44.543294",3,opp2,b3a02998-fad9-41e2-908e-bebeabe10a97,a7493be2-89ec-42b2-aea5-dc697114c5f0,bd989f25-842e-49aa-8b68-8ab2ada76340,a51060e2-8881-4443-a11a-4f1a70c937fe,d251b9f3-19cd-40c3-ac2e-9d0914267e04,c046f3a7-f1ae-491e-ac73-14058cf67824,54c4285f-f09f-4959-97dd-e30d0d8cb791,0544dc0d-f101-4a9a-9710-ddca266d4179,857fbe9f-d51f-4a1f-857e-2a01eb1b3da9,opportunity,"{"privacy":{"mode":"public"},"membership":{"policy":"open","trustedOrganizations":[]},"collaboration":{"inheritMembershipRights":true,"allowMembersToCreateSubspaces":false,"allowMembersToCreateCallouts":true}}",2
87,ee672972-2919-4755-8eb3-052730a26ebc,"2023-01-11 14:49:03.694027","2024-04-30 14:41:44.577192",3,release-11-01-23-opp-3897,45372b3e-961e-4d72-bc2c-38cfa58f932a,c0ad51e3-e429-4b79-8ed6-78e308de500a,135065c8-9941-4656-9f3b-888e1f7821c9,c3051a72-797a-4140-b236-74797e5a5ce4,fd802435-dd55-42e2-8f68-be0302bb5e51,8f247aa5-a2a7-420c-938e-799f26e09987,d8a7bbf0-6e0e-4fe7-8a1a-c7512f4e53d2,a7716f8d-43ee-4b09-903f-5ffca00cbdfc,06280ace-46d4-4aca-adeb-e7a3143753b6,opportunity,"{"privacy":{"mode":"public"},"membership":{"policy":"open","trustedOrganizations":[]},"collaboration":{"inheritMembershipRights":true,"allowMembersToCreateSubspaces":false,"allowMembersToCreateCallouts":true}}",2
96,eef2cb7b-ed3d-40ea-9549-1423a4dd655e,"2023-11-08 10:27:40.158274","2024-04-30 14:41:44.811375",3,opportunity-release--1517,e9236d15-040b-4035-867a-c1d99d356d4c,07bfd8a3-ecd8-4f9a-820b-9825302c46f2,eedcbd4c-c0dd-4642-9911-6d58ff2084bf,5c5d4720-0545-449d-b03f-43b30b48ef96,c823e29e-113e-4d84-9161-97a83f9c98bb,e2a413d5-9dba-452e-9459-4bea76cd2dce,d6a685c0-916a-423e-a9e6-c6f37bdacf79,b6af6d57-2ea3-4a9e-9dab-7e65a2c4e8ce,96a59c7c-4241-481c-b876-e291cc6c9375,opportunity,"{"privacy":{"mode":"public"},"membership":{"policy":"open","trustedOrganizations":[]},"collaboration":{"inheritMembershipRights":true,"allowMembersToCreateSubspaces":false,"allowMembersToCreateCallouts":true}}",2
88,ef609b61-e9b4-4707-b68a-39fb6c4a2db7,"2023-07-20 12:02:53.479639","2024-04-30 14:41:44.602967",3,2222-8862,ceceb5e2-d3b6-4a07-a7a8-83551d8cab7a,3582b183-1ede-43f4-92d2-da9d95186eff,9448b0db-6959-43e2-bf70-d30926ca576f,6a2a8b8b-3a29-4d5f-bd1a-f3561d01e56c,57da85d5-77fd-4efe-9c32-c5b818588fde,0e040f80-eccb-4d93-8c50-9dd5bd7d917d,904a7fef-2fcb-4543-abb4-d3ad98eb1340,cbcd2536-0743-4ab6-b169-96c797c1638c,ec3586d7-a22a-4e6e-af13-0a1acafaf3b6,opportunity,"{"privacy":{"mode":"public"},"membership":{"policy":"open","trustedOrganizations":[]},"collaboration":{"inheritMembershipRights":true,"allowMembersToCreateSubspaces":false,"allowMembersToCreateCallouts":true}}",2
106,f333ca33-1b48-4278-98b7-d22f521b665d,"2024-03-01 12:54:12.458782","2024-04-30 14:41:45.070698",3,oppoerunity-01-02-24-6544,8d7bc581-2ade-487e-8e2a-a29400c82058,b21c47c7-3c85-4106-b44b-34053a520783,87f18e80-7615-4218-bd44-4f1913bdc9a7,c42041f9-0b28-4661-91f6-3a99bb52d504,f3904bdf-fc8e-4b51-a591-e28181bb7c0b,15f44f52-5bef-42a4-8ad2-3f05b0da4863,76a71e55-fa12-4438-92d8-06c2e04dce15,f7a6ee6b-d94b-4ef3-8007-d0500ea8bdf3,abe1d483-1150-4a46-ab46-4622da39cdb7,opportunity,"{"privacy":{"mode":"public"},"membership":{"policy":"open","trustedOrganizations":[]},"collaboration":{"inheritMembershipRights":true,"allowMembersToCreateSubspaces":false,"allowMembersToCreateCallouts":true}}",2
101,f779eea4-19f5-4f04-be9e-6729bf2121b2,"2024-02-09 13:31:05.912588","2024-04-30 14:41:44.947501",3,sa-opportunity-r-2821,8c14fd14-ed73-4f43-8288-4cedb2add11d,cb34dfe8-d5c1-4b93-86e8-93841ce0c912,a114138d-d079-4247-98b2-921c96b70735,37a1f23b-df58-4857-8e3f-f8eba5797220,3aca1587-ad9e-4ed0-ad21-806f80664f9c,13054f99-55fd-4ad7-b5a1-9d4288c0bf83,5fa73d84-c3df-46b0-a125-dc8e30187bde,8aeb359f-b744-4062-b1c0-2cc74651a776,c1f152dc-54b9-49a4-99db-517b3f5f53a9,opportunity,"{"privacy":{"mode":"public"},"membership":{"policy":"open","trustedOrganizations":[]},"collaboration":{"inheritMembershipRights":true,"allowMembersToCreateSubspaces":false,"allowMembersToCreateCallouts":true}}",2
89,f9222a58-ddcc-4bbb-89cf-cd14106b678b,"2022-09-15 11:04:28.973020","2024-04-30 14:41:44.628355",3,opp-release-15-09-2022,21e94b7c-55f1-45ef-be34-b5d7be04fedc,3200f61d-9a60-4ff2-9694-9f3515600883,5de06e23-ae60-4ae5-a78d-b7bc1e3d6e33,03312fb9-8213-46ab-9887-bab690ec6668,d251b9f3-19cd-40c3-ac2e-9d0914267e04,c1fff6af-b82e-4f95-acbb-65829546f90b,75a6e477-fde8-4274-aeca-099de93e70eb,adc1455c-abb3-4fd8-b7ef-49e2fc298688,857fbe9f-d51f-4a1f-857e-2a01eb1b3da9,opportunity,"{"privacy":{"mode":"public"},"membership":{"policy":"open","trustedOrganizations":[]},"collaboration":{"inheritMembershipRights":true,"allowMembersToCreateSubspaces":false,"allowMembersToCreateCallouts":true}}",2
90,f92bd114-cbbc-4898-b0f3-c9476d38fe7a,"2022-11-25 10:55:59.558895","2024-04-30 14:41:44.652713",3,opp-release-25-11-20-1366,5c9fb7ef-397d-4301-a758-21fa3ed41170,406df8ad-5870-47d0-b68f-3ca4890e8074,1799a375-b68e-472c-b817-8e8dcc8da3a5,eecff87b-87d0-495a-9e54-542ca7050cee,1c77c2de-ee84-4266-ba02-1e75b9bbbc10,4a84fd7e-efd6-4c70-84a8-e59d1fefbaf5,822d2305-03f3-4d03-b117-c82a76585dc3,1f9d7dbe-9168-4e7d-8fb8-c65850b9a18d,06e3c69e-1b31-4770-855b-6047d50dbd67,opportunity,"{"privacy":{"mode":"public"},"membership":{"policy":"open","trustedOrganizations":[]},"collaboration":{"inheritMembershipRights":true,"allowMembersToCreateSubspaces":false,"allowMembersToCreateCallouts":true}}",2
105,f940108b-36f7-461a-b030-301df4bb77b8,"2024-03-01 12:54:04.435556","2024-04-30 14:41:45.043786",3,oppoerunity-01-02-24-2207,49695c40-596e-449d-a28d-ba6622e50de0,211f2f06-1519-41f1-b658-b59309f08e97,1093d932-a4ff-4e48-af1a-dedcd9a8b1b9,742919a5-6244-4d67-86da-a72a3f5c0f0a,f3904bdf-fc8e-4b51-a591-e28181bb7c0b,aea36337-dcef-4995-8c7c-0bbfa4490f46,84b445d6-4d1d-48e9-b363-25c3f27acd6c,5d958c85-a78a-4589-9da7-0a3ddd38ae87,abe1d483-1150-4a46-ab46-4622da39cdb7,opportunity,"{"privacy":{"mode":"public"},"membership":{"policy":"open","trustedOrganizations":[]},"collaboration":{"inheritMembershipRights":true,"allowMembersToCreateSubspaces":false,"allowMembersToCreateCallouts":true}}",2
126,fa1dd957-c619-4449-b8ae-ee31762dfea5,"2024-04-29 08:26:06.718112","2024-04-30 14:41:45.578287",2,oppfromprivatecha-7761,15e39d4a-810c-4058-b897-762bbabcbd2c,39bf83aa-73af-42ff-a12f-95b7e1c18ebe,567bd802-b512-4af7-8fa5-b9fd12f87856,61a6a293-5edb-459a-b3bd-c7748ece2cfb,a7e9fa18-4595-41c8-b27f-d4a091a53baf,8ccf86ae-9f17-43ce-b84d-8398409a4b44,3ba46f17-e744-4ec6-87ca-2dafe3cd32e0,89dcca2d-0753-47a3-90ad-69913ea2c8f6,8cef2ef8-5065-420e-badc-26f2241759f8,opportunity,"{"privacy":{"mode":"public"},"membership":{"policy":"open","trustedOrganizations":[]},"collaboration":{"inheritMembershipRights":true,"allowMembersToCreateSubspaces":false,"allowMembersToCreateCallouts":true}}",2
91,fa758d00-7763-45ff-8ebc-355411b8b630,"2023-07-20 13:05:09.731625","2024-04-30 14:41:44.679647",3,testuvam-9790,c2b8b096-3df6-4440-a43a-0b427d2bee53,f5f2ffac-8247-435b-9367-d88a04c764eb,656a8f36-fa0a-4807-bced-677fde113fc9,c384e671-8ca2-4d7f-909a-b42c3658da0b,114b74d7-e012-4d75-83b9-eb3d20eddbf3,2374cbcc-c2e3-4fae-a106-8aad5c64703a,24bfb9a1-f306-4597-b679-3b0834e38226,770ce98f-9d42-4380-97d7-3e66c6ac5b18,e7d3b3f4-bec5-4e3f-b8ef-177a8076ff74,opportunity,"{"privacy":{"mode":"public"},"membership":{"policy":"open","trustedOrganizations":[]},"collaboration":{"inheritMembershipRights":true,"allowMembersToCreateSubspaces":false,"allowMembersToCreateCallouts":true}}",2
92,faa5bd62-9913-4218-9880-594bb8a30094,"2023-07-24 10:13:08.284165","2024-04-30 14:41:44.705751",3,111-5527,cbc7fb0b-b7f2-4f37-b34a-745ea258d9b1,ea42f550-ddba-4a7a-ac8c-4bc8adb810aa,abe78f7e-7f41-4448-a920-ccdec0ff0dd5,3b60f727-abfe-4730-bb19-9b014cc0d00f,9c778570-b8e9-412d-bb13-fb60181d8463,2a647952-5e87-4555-96be-c5a2f0f27dd5,908ecc7d-3150-4956-9bb4-a5f45d1b3167,a3dec4c1-442f-424b-9a77-12dd94150d48,60fd3c9c-e9ff-45cb-9170-0f611e0d4b5a,opportunity,"{"privacy":{"mode":"public"},"membership":{"policy":"open","trustedOrganizations":[]},"collaboration":{"inheritMembershipRights":true,"allowMembersToCreateSubspaces":false,"allowMembersToCreateCallouts":true}}",2
94,faf958f2-82ee-43bc-937d-c2d20241d2ee,"2023-10-10 13:13:26.066651","2024-04-30 14:41:44.759299",3,pre-release-opp-10-1-2702,5e2e9bc9-ad39-4391-a597-808d08aa1643,20fe3960-0763-4422-ab42-e97f7cac9f90,e26e00a3-70e8-42c1-8725-6754c0e71315,5bd15b90-3f18-4a4b-9e30-5b25fb227f9f,00b45a22-9b15-4a25-af47-8b25420bfa22,3f1cb6b6-22a7-48d0-92ed-2e48d7f83386,18512828-aeb9-4d66-940b-48160e32dc66,03a42835-9096-4e4c-bf52-a026baa747f8,8e1ac03e-eda2-47c6-98b1-38e7f688e4bb,opportunity,"{"privacy":{"mode":"public"},"membership":{"policy":"open","trustedOrganizations":[]},"collaboration":{"inheritMembershipRights":true,"allowMembersToCreateSubspaces":false,"allowMembersToCreateCallouts":true}}",2
98,fbc7534a-c5e2-4204-b94a-1708d7cb9133,"2023-11-22 11:59:16.637157","2024-04-30 14:41:44.863526",3,release-22-11-2023--6525,69e7806a-11e4-407f-9394-06736a0020ff,5bc27e18-a2d5-458e-a061-442661c51f92,5d24b4ce-7c81-4e94-bd1f-95f6f5bb8da2,712ce45d-3352-49d9-b9e4-a3b14e8c405f,25ebdb0c-7199-427c-bb01-37b7e550d9df,cd63e33e-148f-48ae-8c83-850b2d58d918,42ae9a65-e8cd-4f97-8ca9-87060c50e13b,55261daa-cd13-4299-b4a5-d3eb8b0bcdcf,84e634ba-e4ae-4a4c-a1d4-0af2ebc082d9,opportunity,"{"privacy":{"mode":"public"},"membership":{"policy":"open","trustedOrganizations":[]},"collaboration":{"inheritMembershipRights":true,"allowMembersToCreateSubspaces":false,"allowMembersToCreateCallouts":true}}",2
93,fe346c51-f5f3-4812-ae15-f41e9e8085eb,"2023-03-28 14:34:12.737995","2024-04-30 14:41:44.733798",3,release-28-03-23-opp-7429,adff5259-1407-414c-aa52-9ccf1b2ef829,9249c61a-8fd1-463f-a619-4f2153933aa1,246d0666-c3ec-49a2-93a6-0c2a2b271d4e,5c20a4b2-12e5-48a3-968e-9a00a3e7d48f,b1471469-5e7a-4878-9e7c-87bdb9db920d,c4913e01-b6d8-434b-83db-05aedcb865fb,334f6d21-d7c6-4db4-a460-c9e4d2001419,cf211836-d20a-4678-8725-71b4bfbfc069,cf564657-e87e-47f2-89be-ef769e660cd7,opportunity,"{"privacy":{"mode":"public"},"membership":{"policy":"open","trustedOrganizations":[]},"collaboration":{"inheritMembershipRights":true,"allowMembersToCreateSubspaces":false,"allowMembersToCreateCallouts":true}}",2
